outlet_id,outlet_name,outlet_type,city,cuisine_type,account_manager,seating_capacity,google_rating,instagram_followers,months_onboarded,flavours_ordered,complaints_last3m,payment_delay_days,am_assigned,outreach_response_rate,order_m1,order_m2,order_m3,order_m4,order_m5,order_m6,avg_monthly_cubes,order_trend_pct,days_since_last_order,monthly_revenue_inr,monthly_gp_inr,annual_revenue_inr,ltv_24m_inr,churn_risk_score,churned,recommended_intervention,intervention_cost_inr,expected_revenue_saved_inr,retention_roi,intervention_efficiency,retention_priority_index,health_tier,priority_tier
FF-1000,The Blue Petal Café,Bar & Lounge,Delhi,Multi-Cuisine,Priya Nair,123,4.4,64674,5,5,3,29,1,0,20784,19289,18840,15671,13008,9848,16240,-52.61,4,97440,44822,1169280,627508,27.3,0,No Intervention Needed,0,0,0.0,0.0,0.0,🟢 Healthy,Tier 3 – Monitor
FF-1001,Skyline Bar,Catering Service,Bangalore,Pan-Asian,Priya Nair,61,4.6,26660,30,3,4,23,0,3,6888,6380,6278,5930,5513,4523,5918,-34.33,24,35508,16334,426096,392016,9.1,0,No Intervention Needed,0,0,0.0,0.0,0.0,🟢 Healthy,Tier 3 – Monitor
FF-1002,Monarch Grand Hotel,4-Star Hotel,Bangalore,Mediterranean,Priya Nair,44,4.9,18133,32,3,5,2,0,2,6829,6909,6483,5228,4156,3212,5469,-52.96,59,32814,15094,393768,271692,45.5,0,Dedicated Account Manager,8000,74171,827.0,0.85,3.5,🟡 At Risk,Tier 3 – Monitor
FF-1003,Spice Route,5-Star Hotel,Ranchi,Pan-Asian,Arjun Mehta,58,4.8,17514,8,4,7,10,1,2,13479,13248,14060,13259,13540,11991,13262,-11.04,3,79572,36603,954864,878472,18.2,0,No Intervention Needed,0,0,0.0,0.0,0.0,🟢 Healthy,Tier 3 – Monitor
FF-1004,The Artisan Brew,Premium Café,Hyderabad,Multi-Cuisine,Vikram Singh,150,4.5,81032,10,2,4,44,1,2,8381,7748,7642,7097,5814,4843,6920,-42.21,68,41520,19099,498240,458376,36.4,0,Extended Credit Terms,830,100109,11946.9,0.7,3.9,🟢 Healthy,Tier 3 – Monitor
FF-1005,Fusion 9,Premium Café,Chennai,Italian,Neha Joshi,248,4.5,49604,32,4,2,3,1,1,12688,12857,12625,11455,10884,10291,11800,-18.89,40,70800,32568,849600,716496,0.0,0,No Intervention Needed,0,0,0.0,0.0,0.0,🟢 Healthy,Tier 3 – Monitor
FF-1006,Cloud Nine Lounge,Premium Café,Bangalore,Multi-Cuisine,Riya Sharma,127,3.5,42121,28,4,5,25,1,1,18542,17092,17528,8191,3878,1746,11162,-90.58,120,66972,30807,803664,123228,72.7,1,Dedicated Account Manager,8000,53752,571.8,0.85,2.54,🔴 Critical,Tier 3 – Monitor
FF-1007,The Grand Palate,Fine Dining Restaurant,Mumbai,Italian,Vikram Singh,191,3.4,77731,17,1,3,26,1,3,5006,5236,5187,4829,4325,3961,4757,-20.87,54,28542,13129,342504,315096,45.5,0,Extended Credit Terms,571,86021,14938.8,0.7,3.35,🟡 At Risk,Tier 3 – Monitor
FF-1008,Saffron Kitchen,5-Star Hotel,Hyderabad,Continental,Priya Nair,121,4.2,68888,31,4,0,42,1,2,7483,7251,7422,6965,6640,6037,6966,-19.32,35,41796,19226,501552,403746,18.2,0,No Intervention Needed,0,0,0.0,0.0,0.0,🟢 Healthy,Tier 3 – Monitor
FF-1009,Urban Brew Co.,4-Star Hotel,Mumbai,Multi-Cuisine,Vikram Singh,31,3.2,16514,8,5,4,26,0,1,11773,10906,10140,9461,8725,7837,9807,-33.43,56,58842,27067,706104,189469,54.5,1,Extended Credit Terms,1177,61956,5159.5,0.7,2.41,🟡 At Risk,Tier 3 – Monitor
FF-1010,The Cellar Bar,Premium Café,Bangalore,Continental,Neha Joshi,294,4.1,34255,25,5,2,41,0,2,14781,14989,15741,14493,14340,13027,14561,-11.87,89,87366,40188,1048392,964512,45.5,0,Extended Credit Terms,1747,263311,14963.6,0.7,10.25,🟡 At Risk,Tier 2 – Engage
FF-1011,Pearl Continental,Catering Service,Delhi,Mediterranean,Riya Sharma,120,3.6,40890,9,7,3,5,1,1,16136,15871,16989,15731,14471,12863,15343,-20.28,40,92058,42347,1104696,1016328,9.1,0,No Intervention Needed,0,0,0.0,0.0,0.0,🟢 Healthy,Tier 3 – Monitor
FF-1012,Breezy Bites,Fine Dining Restaurant,Delhi,Pan-Asian,Riya Sharma,63,3.8,24211,2,1,6,14,1,0,19298,20760,21254,20722,19837,18638,20084,-3.42,77,120504,55432,1446048,1330368,45.5,0,Dedicated Account Manager,8000,363190,4439.3,0.85,17.16,🟡 At Risk,Tier 1 – Urgent
FF-1013,Metro Mixology,Premium Café,Chennai,Italian,Neha Joshi,36,4.6,58493,15,7,6,29,0,0,6326,6370,6833,6499,5679,5174,6146,-18.21,68,36876,16963,442512,50889,72.7,1,Extended Credit Terms,738,22197,2903.8,0.7,0.86,🔴 Critical,Tier 3 – Monitor
FF-1014,The Social Hub,Premium Café,Pune,Pan-Asian,Neha Joshi,76,4.9,75196,3,7,3,41,1,2,18870,18191,17176,16074,14940,13191,16407,-30.09,46,98442,45283,1181304,1086792,36.4,0,Extended Credit Terms,1969,237355,11948.5,0.7,9.24,🟢 Healthy,Tier 2 – Engage
FF-1015,Terrace & Toast,Premium Café,Ranchi,Continental,Priya Nair,31,3.3,27713,4,6,3,36,1,3,12120,12526,12480,11385,9586,7633,10955,-37.02,78,65730,30236,788760,725664,45.5,0,Extended Credit Terms,1315,198106,14953.7,0.7,7.71,🟡 At Risk,Tier 2 – Engage
FF-1016,Altitude Lounge,Bar & Lounge,Mumbai,Italian,Riya Sharma,99,4.2,58284,14,2,3,36,1,1,10552,10166,10331,8380,6335,4776,8423,-54.73,13,50538,23247,606456,534681,18.2,0,No Intervention Needed,0,0,0.0,0.0,0.0,🟢 Healthy,Tier 3 – Monitor
FF-1017,The Copper Pot,Bar & Lounge,Delhi,Pan-Asian,Vikram Singh,235,4.8,7921,25,2,5,41,1,1,15060,16034,16243,12304,9807,7801,12874,-48.2,27,77244,35532,926928,852768,36.4,0,Extended Credit Terms,1545,186244,11946.9,0.7,7.25,🟢 Healthy,Tier 2 – Engage
FF-1018,Velvet Room,Bar & Lounge,Delhi,Multi-Cuisine,Arjun Mehta,283,3.3,18227,10,4,3,36,1,0,9158,8974,8832,6794,5381,4321,7243,-52.81,6,43458,19991,521496,479784,36.4,0,Extended Credit Terms,869,104784,11944.3,0.7,4.08,🟢 Healthy,Tier 3 – Monitor
FF-1019,Zest & Zeal,Premium Café,Mumbai,Indian,Arjun Mehta,168,4.7,4858,21,4,4,34,0,0,21125,21293,20741,19319,19404,17311,19865,-18.05,17,119190,54827,1430280,1315848,36.4,0,Extended Credit Terms,2384,287381,11949.6,0.7,11.18,🟢 Healthy,Tier 2 – Engage
FF-1020,Neon Nights Bar,5-Star Hotel,Bangalore,Continental,Neha Joshi,100,3.8,65608,12,6,2,22,1,3,19277,17890,16821,17602,16798,16048,17406,-16.75,36,104436,48041,1253232,768656,0.0,0,No Intervention Needed,0,0,0.0,0.0,0.0,🟢 Healthy,Tier 3 – Monitor
FF-1021,The Garden Table,Premium Café,Hyderabad,Pan-Asian,Priya Nair,234,3.8,32617,27,4,5,5,1,3,12345,12199,11987,10754,9907,8986,11029,-27.21,81,66174,30440,794088,456600,36.4,0,Dedicated Account Manager,8000,99721,1146.4,0.85,4.71,🟢 Healthy,Tier 3 – Monitor
FF-1022,Harbour View,Premium Café,Ranchi,Continental,Arjun Mehta,217,5.0,32410,2,2,3,3,0,3,9198,9687,9164,9532,8870,8287,9123,-9.9,2,54738,25179,656856,604296,9.1,0,No Intervention Needed,0,0,0.0,0.0,0.0,🟢 Healthy,Tier 3 – Monitor
FF-1023,Crimson Fork,Bar & Lounge,Mumbai,Japanese,Riya Sharma,219,3.6,56254,13,7,1,17,1,2,6758,7088,7353,6952,6745,6718,6935,-0.59,77,41610,19141,499320,363679,27.3,0,No Intervention Needed,0,0,0.0,0.0,0.0,🟢 Healthy,Tier 3 – Monitor
FF-1024,Olive & Oak,Bar & Lounge,Chennai,Continental,Neha Joshi,44,4.4,62938,32,3,7,8,1,0,8483,8108,7730,7863,8021,7208,7902,-15.03,52,47412,21810,568944,436200,45.5,0,Dedicated Account Manager,8000,119082,1388.4,0.85,5.63,🟡 At Risk,Tier 3 – Monitor
FF-1025,The Rooftop Sip,Fine Dining Restaurant,Hyderabad,Italian,Vikram Singh,108,4.7,29871,31,5,1,28,1,2,5489,5248,4877,4949,4587,4637,4964,-15.52,66,29784,13701,357408,328824,36.4,0,Extended Credit Terms,596,71815,11929.5,0.7,2.79,🟢 Healthy,Tier 3 – Monitor
FF-1026,Downtown Diner,Premium Café,Bangalore,Japanese,Neha Joshi,287,3.3,52001,16,3,2,12,1,0,17773,18675,18831,18901,17322,17065,18094,-3.98,52,108564,49939,1302768,699146,36.4,0,Dedicated Account Manager,8000,152693,1808.4,0.85,7.21,🟢 Healthy,Tier 2 – Engage
FF-1027,Bombay Blend,Bar & Lounge,Ranchi,Fusion,Vikram Singh,162,4.4,61446,32,3,6,16,0,0,9282,9921,10072,6840,4590,3018,7287,-67.48,77,43722,20112,524664,100560,81.8,1,Dedicated Account Manager,8000,49354,516.9,0.85,2.33,🔴 Critical,Tier 3 – Monitor
FF-1028,The Mango Tree,5-Star Hotel,Mumbai,Italian,Neha Joshi,78,4.9,38967,32,2,0,44,1,1,8188,7657,8112,7779,7401,7213,7725,-11.91,22,46350,21321,556200,511704,18.2,0,No Intervention Needed,0,0,0.0,0.0,0.0,🟢 Healthy,Tier 3 – Monitor
FF-1029,Latitude 28,Premium Café,Mumbai,Indian,Neha Joshi,45,3.4,18125,34,3,0,31,1,0,14992,14872,15055,13152,12526,11077,13612,-26.11,55,81672,37569,980064,150276,54.5,1,Extended Credit Terms,1633,49140,2907.4,0.7,1.91,🟡 At Risk,Tier 3 – Monitor
FF-1030,The Ice House,5-Star Hotel,Mumbai,Japanese,Neha Joshi,66,4.8,34393,11,6,7,21,1,0,8078,7867,7672,7677,6938,7016,7541,-13.15,67,45246,20813,542952,249756,45.5,0,Dedicated Account Manager,8000,68183,752.2,0.85,3.22,🟡 At Risk,Tier 3 – Monitor
FF-1031,Pearl & Petal,Premium Café,Hyderabad,Fusion,Vikram Singh,285,4.3,76829,10,1,6,3,0,2,13667,14477,15178,13788,12452,10294,13309,-24.68,60,79854,36733,958248,697927,45.5,0,Dedicated Account Manager,8000,190534,2281.4,0.85,9.0,🟡 At Risk,Tier 2 – Engage
FF-1032,Mosaic Café,Premium Café,Delhi,Multi-Cuisine,Vikram Singh,35,4.3,31507,15,4,5,4,1,0,16476,15378,15477,15264,14461,13398,15075,-18.68,58,90450,41607,1085400,998568,45.5,0,Dedicated Account Manager,8000,272609,3307.2,0.85,12.88,🟡 At Risk,Tier 1 – Urgent
FF-1033,The Black Label,Cloud Kitchen,Delhi,Continental,Neha Joshi,218,4.3,40032,17,1,5,36,1,2,16090,15346,14312,8661,5113,3250,10462,-79.8,30,62772,28875,753264,28875,63.6,1,Extended Credit Terms,1255,11018,777.3,0.7,0.43,🟡 At Risk,Tier 3 – Monitor
FF-1034,Sundowner Bar,Catering Service,Delhi,Pan-Asian,Arjun Mehta,105,3.7,54753,18,7,5,40,0,3,6539,6803,6874,4359,2809,1802,4864,-72.43,120,29184,13425,350208,26850,100.0,1,Extended Credit Terms,584,16110,2654.0,0.7,0.63,🔴 Critical,Tier 3 – Monitor
FF-1035,Spice Symphony,Fine Dining Restaurant,Delhi,Mediterranean,Priya Nair,269,4.9,12823,9,5,0,12,0,0,9474,8793,9367,8868,8301,8384,8864,-11.5,69,53184,24465,638208,538230,36.4,0,Dedicated Account Manager,8000,117549,1369.2,0.85,5.55,🟢 Healthy,Tier 3 – Monitor
FF-1036,Casa Milano,Bar & Lounge,Pune,Continental,Priya Nair,289,4.9,73879,25,4,1,33,1,0,10296,10283,10112,6336,3945,2330,7217,-77.36,120,43302,19919,519624,19919,72.7,1,Extended Credit Terms,866,8688,902.2,0.7,0.34,🔴 Critical,Tier 3 – Monitor
FF-1037,The Lemon Tree,Premium Café,Hyderabad,Fusion,Priya Nair,136,4.3,14710,14,3,0,44,1,2,8130,8054,7791,3882,1770,877,5084,-89.2,62,30504,14032,366048,14032,63.6,1,Extended Credit Terms,610,5354,776.4,0.7,0.21,🟡 At Risk,Tier 3 – Monitor
FF-1038,Bourbon Street,4-Star Hotel,Bangalore,Continental,Vikram Singh,26,4.6,16956,25,5,4,21,0,3,11150,10854,10234,8283,6110,4806,8572,-56.89,13,51432,23659,617184,567816,9.1,0,No Intervention Needed,0,0,0.0,0.0,0.0,🟢 Healthy,Tier 3 – Monitor
FF-1039,Café Nuvola,Bar & Lounge,Delhi,Indian,Vikram Singh,156,4.3,31867,22,4,3,22,1,1,20421,20076,18956,11518,7072,4086,13688,-79.99,82,82128,37779,985536,906696,45.5,0,Dedicated Account Manager,8000,247528,2993.7,0.85,11.69,🟡 At Risk,Tier 1 – Urgent
FF-1040,The Blue Petal Café II,Premium Café,Bangalore,Multi-Cuisine,Arjun Mehta,195,4.1,55124,30,6,5,2,1,3,17047,17128,16943,16278,14869,13890,16025,-18.52,57,96150,44229,1153800,619206,36.4,0,Dedicated Account Manager,8000,135234,1590.2,0.85,6.39,🟢 Healthy,Tier 2 – Engage
FF-1041,Skyline Bar II,Bar & Lounge,Bangalore,Mediterranean,Priya Nair,234,4.4,10606,20,6,1,41,1,2,12506,11828,12009,10728,10564,9228,11143,-26.21,53,66858,30755,802296,707365,36.4,0,Extended Credit Terms,1337,154488,11446.3,0.7,6.01,🟢 Healthy,Tier 2 – Engage
FF-1042,Monarch Grand Hotel II,Premium Café,Delhi,Japanese,Priya Nair,101,4.2,68508,21,6,2,33,0,3,6726,6803,6346,5900,5315,4903,5998,-27.1,12,35988,16554,431856,248310,27.3,0,No Intervention Needed,0,0,0.0,0.0,0.0,🟢 Healthy,Tier 3 – Monitor
FF-1043,Spice Route II,Cloud Kitchen,Bangalore,Japanese,Neha Joshi,242,4.3,72740,32,6,7,31,1,2,18380,19278,20633,20994,20418,20777,20080,13.04,13,120480,55421,1445760,1274683,36.4,0,Extended Credit Terms,2410,278390,11446.7,0.7,10.83,🟢 Healthy,Tier 2 – Engage
FF-1044,The Artisan Brew II,Premium Café,Mumbai,Japanese,Vikram Singh,122,4.6,64815,21,3,2,44,0,2,6338,6601,6870,3559,1634,792,4299,-87.49,120,25794,11865,309528,35595,72.7,1,Extended Credit Terms,516,15526,2903.3,0.7,0.6,🔴 Critical,Tier 3 – Monitor
FF-1045,Fusion 9 II,4-Star Hotel,Ranchi,Fusion,Priya Nair,292,4.1,69749,35,1,3,20,1,1,6892,6510,6600,6306,5966,5849,6353,-15.13,57,38118,17534,457416,227942,18.2,0,No Intervention Needed,0,0,0.0,0.0,0.0,🟢 Healthy,Tier 3 – Monitor
FF-1046,Cloud Nine Lounge II,Bar & Lounge,Ranchi,Italian,Arjun Mehta,33,3.3,71087,32,4,1,43,0,0,10375,9792,10306,8349,6939,5644,8567,-45.6,40,51402,23645,616824,307385,45.5,0,Extended Credit Terms,1028,83916,8055.2,0.7,3.27,🟡 At Risk,Tier 3 – Monitor
FF-1047,The Grand Palate II,Bar & Lounge,Delhi,Italian,Arjun Mehta,178,3.5,11256,30,3,0,20,0,2,11232,10815,10088,8349,6173,4606,8543,-58.99,80,51258,23579,615096,565896,36.4,0,Dedicated Account Manager,8000,123591,1444.7,0.85,5.84,🟢 Healthy,Tier 2 – Engage
FF-1048,Saffron Kitchen II,Bar & Lounge,Mumbai,Pan-Asian,Priya Nair,171,4.0,68511,12,6,0,43,1,2,13333,13036,12987,8668,5887,3796,9617,-71.52,104,57702,26543,692424,79629,63.6,1,Extended Credit Terms,1154,30386,2530.9,0.7,1.18,🟡 At Risk,Tier 3 – Monitor
FF-1049,Urban Brew Co. II,Premium Café,Ranchi,Mediterranean,Vikram Singh,127,4.5,36878,18,7,4,10,0,1,14727,14511,14813,6868,3196,1503,9269,-89.79,57,55614,25582,667368,76746,54.5,1,Premium Flavour Trial,500,25095,4909.2,0.65,0.91,🟡 At Risk,Tier 3 – Monitor
FF-1050,The Cellar Bar II,Catering Service,Bangalore,Japanese,Arjun Mehta,207,4.3,4755,21,1,4,38,1,2,18879,19421,20442,21330,21569,21606,20541,14.44,3,123246,56693,1478952,1020474,18.2,0,No Intervention Needed,0,0,0.0,0.0,0.0,🟢 Healthy,Tier 3 – Monitor
FF-1051,Pearl Continental II,Fine Dining Restaurant,Pune,Italian,Neha Joshi,117,4.4,14984,13,7,0,3,0,0,22045,20481,21409,20477,20108,18203,20453,-17.43,5,122718,56450,1472616,1354800,18.2,0,No Intervention Needed,0,0,0.0,0.0,0.0,🟢 Healthy,Tier 3 – Monitor
FF-1052,Breezy Bites II,Cloud Kitchen,Ranchi,Fusion,Arjun Mehta,150,4.1,57049,21,5,2,0,1,1,14956,13842,13348,12692,13106,13272,13536,-11.26,11,81216,37359,974592,859257,0.0,0,No Intervention Needed,0,0,0.0,0.0,0.0,🟢 Healthy,Tier 3 – Monitor
FF-1053,Metro Mixology II,Cloud Kitchen,Delhi,Pan-Asian,Riya Sharma,190,4.3,35003,8,7,7,27,0,0,16436,16151,17290,15722,15456,14074,15854,-14.37,71,95124,43757,1141488,87514,72.7,1,Extended Credit Terms,1902,38173,1906.0,0.7,1.49,🔴 Critical,Tier 3 – Monitor
FF-1054,The Social Hub II,5-Star Hotel,Delhi,Multi-Cuisine,Riya Sharma,202,3.8,74294,7,5,5,23,0,0,7339,7570,7115,6922,6784,6279,7001,-14.44,56,42006,19323,504072,115938,54.5,1,Dedicated Account Manager,8000,37911,373.8,0.85,1.79,🟡 At Risk,Tier 3 – Monitor
FF-1055,Terrace & Toast II,Cloud Kitchen,Ranchi,Pan-Asian,Vikram Singh,58,4.0,45613,23,5,2,34,0,1,6041,5744,6088,5578,5183,5109,5623,-15.43,10,33738,15519,404856,263823,27.3,0,No Intervention Needed,0,0,0.0,0.0,0.0,🟢 Healthy,Tier 3 – Monitor
FF-1056,Altitude Lounge II,Premium Café,Delhi,Italian,Priya Nair,34,4.5,74569,32,6,7,12,1,2,6721,6873,7390,5541,4100,3067,5615,-54.36,34,33690,15497,404280,371928,18.2,0,No Intervention Needed,0,0,0.0,0.0,0.0,🟢 Healthy,Tier 3 – Monitor
FF-1057,The Copper Pot II,Premium Café,Bangalore,Indian,Vikram Singh,23,4.8,5749,11,5,4,33,1,0,14421,13866,13149,11836,11665,10695,12605,-25.84,67,75630,34790,907560,834960,45.5,0,Extended Credit Terms,1513,227944,14955.8,0.7,8.87,🟡 At Risk,Tier 2 – Engage
FF-1058,Velvet Room II,Premium Café,Chennai,Fusion,Vikram Singh,229,4.0,19701,22,2,3,10,1,0,21141,22446,23243,23738,22531,21229,22388,0.42,72,134328,61791,1611936,1050447,27.3,0,No Intervention Needed,0,0,0.0,0.0,0.0,🟢 Healthy,Tier 3 – Monitor
FF-1059,Zest & Zeal II,Bar & Lounge,Bangalore,Indian,Vikram Singh,180,3.3,59076,22,4,7,35,1,0,15293,16261,15064,13982,12027,10650,13879,-30.36,31,83274,38306,999288,229836,54.5,1,Extended Credit Terms,1665,75156,4411.2,0.7,2.92,🟡 At Risk,Tier 3 – Monitor
FF-1060,Neon Nights Bar II,Bar & Lounge,Mumbai,Japanese,Vikram Singh,35,3.5,10186,25,4,0,16,1,0,5611,5429,5346,5053,5123,4672,5205,-16.73,75,31230,14366,374760,344784,36.4,0,Premium Flavour Trial,500,75300,14930.1,0.65,2.72,🟢 Healthy,Tier 3 – Monitor
FF-1061,The Garden Table II,Premium Café,Ranchi,Indian,Neha Joshi,127,3.2,53863,22,6,4,34,0,1,20618,19727,19778,20347,19346,17182,19499,-16.66,71,116994,53817,1403928,215268,54.5,1,Extended Credit Terms,2340,70392,2907.0,0.7,2.74,🟡 At Risk,Tier 3 – Monitor
FF-1062,Harbour View II,Fine Dining Restaurant,Bangalore,Japanese,Neha Joshi,246,4.4,1161,28,2,4,17,1,1,15156,14940,15132,12451,10387,7661,12621,-49.45,66,75726,34834,908712,836016,18.2,0,No Intervention Needed,0,0,0.0,0.0,0.0,🟢 Healthy,Tier 3 – Monitor
FF-1063,Crimson Fork II,Bar & Lounge,Bangalore,Japanese,Arjun Mehta,189,3.8,45343,29,7,5,39,1,3,14069,13484,14424,13172,11981,10204,12889,-27.47,70,77334,35574,928008,142296,54.5,1,Extended Credit Terms,1547,46530,2905.9,0.7,1.81,🟡 At Risk,Tier 3 – Monitor
FF-1064,Olive & Oak II,Premium Café,Chennai,Italian,Riya Sharma,53,4.2,61463,13,3,0,21,1,3,23943,24603,25281,18647,14762,10670,19651,-55.43,41,117906,54237,1414872,922029,0.0,0,No Intervention Needed,0,0,0.0,0.0,0.0,🟢 Healthy,Tier 3 – Monitor
FF-1065,The Rooftop Sip II,Bar & Lounge,Mumbai,Indian,Vikram Singh,270,4.1,43328,18,7,5,23,1,0,9696,10201,10170,10206,10533,9792,10099,0.99,63,60594,27873,727128,362349,45.5,0,Dedicated Account Manager,8000,98921,1136.4,0.85,4.67,🟡 At Risk,Tier 3 – Monitor
FF-1066,Downtown Diner II,Premium Café,Chennai,Japanese,Arjun Mehta,266,3.3,49104,2,3,0,18,0,2,15544,15974,16765,11352,6695,4073,11733,-73.79,48,70398,32383,844776,194298,63.6,1,Premium Flavour Trial,500,74144,14699.4,0.65,2.68,🟡 At Risk,Tier 3 – Monitor
FF-1067,Bombay Blend II,Fine Dining Restaurant,Pune,Mediterranean,Riya Sharma,288,3.9,11026,29,5,5,36,1,0,19691,20712,22205,20032,16921,13523,18847,-31.32,20,113082,52018,1356984,1248432,45.5,0,Extended Credit Terms,2262,340821,14960.6,0.7,13.26,🟡 At Risk,Tier 1 – Urgent
FF-1068,The Mango Tree II,Premium Café,Delhi,Multi-Cuisine,Priya Nair,160,3.6,69410,21,1,7,38,1,2,6994,6878,6352,5731,5279,4822,6009,-31.05,57,36054,16585,432648,33170,63.6,1,Extended Credit Terms,721,12657,1653.2,0.7,0.49,🟡 At Risk,Tier 3 – Monitor
FF-1069,Latitude 28 II,Catering Service,Delhi,Pan-Asian,Neha Joshi,293,4.0,26092,15,3,2,20,1,0,8532,8062,8684,7620,6405,5786,7514,-32.18,50,45084,20739,541008,456258,27.3,0,No Intervention Needed,0,0,0.0,0.0,0.0,🟢 Healthy,Tier 3 – Monitor
FF-1070,The Ice House II,Fine Dining Restaurant,Delhi,Pan-Asian,Riya Sharma,115,3.6,29482,27,1,3,7,1,3,9472,9832,9180,5948,3910,2290,6772,-75.82,120,40632,18691,487584,74764,54.5,1,Premium Flavour Trial,500,24447,4779.8,0.65,0.88,🟡 At Risk,Tier 3 – Monitor
FF-1071,Pearl & Petal II,Premium Café,Delhi,Italian,Priya Nair,246,4.7,707,31,4,3,27,0,3,14251,13932,14632,13574,13383,12252,13670,-14.03,25,82020,37729,984240,905496,27.3,0,No Intervention Needed,0,0,0.0,0.0,0.0,🟢 Healthy,Tier 3 – Monitor
FF-1072,Mosaic Café II,Premium Café,Delhi,Indian,Riya Sharma,58,3.5,69119,15,1,0,4,0,2,14345,14738,14220,12401,11351,10492,12924,-26.86,12,77544,35670,930528,856080,18.2,0,No Intervention Needed,0,0,0.0,0.0,0.0,🟢 Healthy,Tier 3 – Monitor
FF-1073,The Black Label II,Fine Dining Restaurant,Ranchi,Indian,Neha Joshi,48,4.9,29828,23,4,1,16,1,0,11944,11505,10827,5125,2437,1143,7163,-90.42,120,42978,19770,515736,79080,54.5,1,Premium Flavour Trial,500,25859,5061.7,0.65,0.93,🟡 At Risk,Tier 3 – Monitor
FF-1074,Sundowner Bar II,4-Star Hotel,Delhi,Japanese,Neha Joshi,264,3.9,46979,24,2,6,36,1,2,10531,9825,9730,7942,6634,5191,8308,-50.7,39,49848,22930,598176,550320,36.4,0,Extended Credit Terms,997,120189,11943.1,0.7,4.68,🟢 Healthy,Tier 3 – Monitor
FF-1075,Spice Symphony II,4-Star Hotel,Mumbai,Fusion,Arjun Mehta,255,4.7,20603,13,2,4,35,0,3,19434,20965,21447,22073,21338,20004,20876,2.93,17,125256,57618,1503072,1325214,27.3,0,No Intervention Needed,0,0,0.0,0.0,0.0,🟢 Healthy,Tier 3 – Monitor
FF-1076,Casa Milano II,Fine Dining Restaurant,Pune,Continental,Vikram Singh,204,4.3,40391,22,6,4,18,0,0,11924,11268,11053,9157,8021,6862,9714,-42.45,45,58284,26811,699408,616653,18.2,0,No Intervention Needed,0,0,0.0,0.0,0.0,🟢 Healthy,Tier 3 – Monitor
FF-1077,The Lemon Tree II,Premium Café,Delhi,Japanese,Riya Sharma,291,4.5,11254,33,6,0,26,0,0,21296,22960,21323,22236,21185,18664,21277,-12.36,11,127662,58725,1531944,1291950,36.4,0,Extended Credit Terms,2553,282161,10947.8,0.7,10.98,🟢 Healthy,Tier 2 – Engage
FF-1078,Bourbon Street II,Bar & Lounge,Hyderabad,Multi-Cuisine,Riya Sharma,255,4.6,81937,3,5,7,33,0,2,13327,14344,14572,13833,14336,14003,14069,5.07,70,84414,38830,1012968,38830,63.6,1,Extended Credit Terms,1688,14817,777.3,0.7,0.58,🟡 At Risk,Tier 3 – Monitor
FF-1079,Café Nuvola II,Premium Café,Mumbai,Mediterranean,Priya Nair,258,4.1,73482,19,3,5,10,1,1,16700,17485,18610,17667,16537,15279,17046,-8.51,23,102276,47047,1227312,846846,18.2,0,No Intervention Needed,0,0,0.0,0.0,0.0,🟢 Healthy,Tier 3 – Monitor
FF-1080,The Blue Petal Café III,Fine Dining Restaurant,Delhi,Pan-Asian,Neha Joshi,285,4.2,56422,23,5,1,44,1,2,19574,20073,19697,12966,8548,4919,14296,-74.87,120,85776,39457,1029312,236742,63.6,1,Extended Credit Terms,1716,90340,5161.6,0.7,3.52,🟡 At Risk,Tier 3 – Monitor
FF-1081,Skyline Bar III,5-Star Hotel,Ranchi,Japanese,Riya Sharma,84,4.1,48731,29,4,2,11,0,3,12582,12738,12159,8075,5363,3247,9027,-74.19,62,54162,24915,649944,174405,54.5,1,Premium Flavour Trial,500,57030,11283.4,0.65,2.06,🟡 At Risk,Tier 3 – Monitor
FF-1082,Monarch Grand Hotel III,Bar & Lounge,Ranchi,Continental,Neha Joshi,196,4.3,29801,30,5,5,20,1,3,20312,21501,21303,22194,21112,21472,21315,5.71,2,127890,58829,1534680,764777,18.2,0,No Intervention Needed,0,0,0.0,0.0,0.0,🟢 Healthy,Tier 3 – Monitor
FF-1083,Spice Route III,Premium Café,Pune,Continental,Riya Sharma,22,3.3,63211,25,1,5,10,0,3,14341,13857,12855,11564,10601,9455,12112,-34.07,86,72672,33429,872064,33429,54.5,1,Dedicated Account Manager,8000,10931,36.6,0.85,0.52,🟡 At Risk,Tier 3 – Monitor
FF-1084,The Artisan Brew III,Bar & Lounge,Hyderabad,Japanese,Arjun Mehta,161,3.9,41823,8,4,0,38,0,3,9177,9129,9597,9873,10142,9637,9592,5.01,84,57552,26474,690624,635376,45.5,0,Extended Credit Terms,1151,173457,14957.1,0.7,6.75,🟡 At Risk,Tier 2 – Engage
FF-1085,Fusion 9 III,Bar & Lounge,Hyderabad,Italian,Vikram Singh,177,4.3,19252,16,6,0,27,1,3,11616,11837,12455,5727,2733,1376,7624,-88.15,120,45744,21042,548928,147294,63.6,1,Extended Credit Terms,915,56207,6036.2,0.7,2.19,🟡 At Risk,Tier 3 – Monitor
FF-1086,Cloud Nine Lounge III,4-Star Hotel,Mumbai,Pan-Asian,Riya Sharma,165,4.3,82705,8,2,7,4,1,1,7298,7194,7295,3668,1869,916,4706,-87.44,120,28236,12989,338832,25978,63.6,1,Dedicated Account Manager,8000,9913,23.9,0.85,0.47,🟡 At Risk,Tier 3 – Monitor
FF-1087,The Grand Palate III,5-Star Hotel,Delhi,Italian,Neha Joshi,172,4.6,13895,1,6,4,16,1,0,11447,11314,11048,10055,9421,8152,10239,-28.78,72,61434,28260,737208,678240,27.3,0,No Intervention Needed,0,0,0.0,0.0,0.0,🟢 Healthy,Tier 3 – Monitor
FF-1088,Saffron Kitchen III,Fine Dining Restaurant,Hyderabad,Mediterranean,Arjun Mehta,212,4.4,56773,5,3,0,19,0,2,8390,8162,8553,6853,5446,4320,6954,-48.5,37,41724,19193,500688,403053,9.1,0,No Intervention Needed,0,0,0.0,0.0,0.0,🟢 Healthy,Tier 3 – Monitor
FF-1089,Urban Brew Co. III,Bar & Lounge,Hyderabad,Continental,Riya Sharma,92,5.0,5395,3,4,0,40,1,2,17871,18054,18211,15371,13989,12602,16016,-29.48,49,96096,44204,1153152,1060896,36.4,0,Extended Credit Terms,1922,231699,11948.9,0.7,9.02,🟢 Healthy,Tier 2 – Engage
FF-1090,The Cellar Bar III,Premium Café,Chennai,Continental,Priya Nair,159,3.7,77059,1,4,0,11,1,3,15794,16679,17548,17186,16665,14944,16469,-5.38,52,98814,45454,1185768,1090896,27.3,0,No Intervention Needed,0,0,0.0,0.0,0.0,🟢 Healthy,Tier 3 – Monitor
FF-1091,Pearl Continental III,4-Star Hotel,Mumbai,Multi-Cuisine,Vikram Singh,206,3.8,11199,4,1,7,5,1,2,14540,13845,14136,13080,13429,12710,13623,-12.59,33,81738,37599,980856,902376,18.2,0,No Intervention Needed,0,0,0.0,0.0,0.0,🟢 Healthy,Tier 3 – Monitor
FF-1092,Breezy Bites III,4-Star Hotel,Mumbai,Mediterranean,Riya Sharma,80,3.9,65561,35,3,4,16,1,3,7267,7772,8125,7008,6386,5666,7037,-22.03,22,42222,19422,506664,466128,0.0,0,No Intervention Needed,0,0,0.0,0.0,0.0,🟢 Healthy,Tier 3 – Monitor
FF-1093,Metro Mixology III,5-Star Hotel,Hyderabad,Continental,Arjun Mehta,217,4.0,10215,32,2,2,18,1,1,20483,21102,21434,19437,15878,14509,18807,-29.16,5,112842,51907,1354104,986233,0.0,0,No Intervention Needed,0,0,0.0,0.0,0.0,🟢 Healthy,Tier 3 – Monitor
FF-1094,The Social Hub III,Fine Dining Restaurant,Mumbai,Mediterranean,Priya Nair,30,4.7,19669,34,7,2,25,0,1,9651,10150,10010,8750,7562,6653,8796,-31.06,18,52776,24277,633312,509817,9.1,0,No Intervention Needed,0,0,0.0,0.0,0.0,🟢 Healthy,Tier 3 – Monitor
FF-1095,Terrace & Toast III,Bar & Lounge,Chennai,Pan-Asian,Arjun Mehta,81,3.6,16663,25,4,6,43,0,0,7354,7420,7963,8180,8188,7300,7734,-0.73,38,46404,21346,556848,106730,63.6,1,Extended Credit Terms,928,40728,4284.2,0.7,1.58,🟡 At Risk,Tier 3 – Monitor
FF-1096,Altitude Lounge III,Bar & Lounge,Pune,Indian,Arjun Mehta,245,4.6,6282,10,4,6,43,0,1,7335,7663,7713,3692,1786,893,4847,-87.81,72,29082,13378,348984,80268,90.9,1,Extended Credit Terms,582,43778,7409.3,0.7,1.7,🔴 Critical,Tier 3 – Monitor
FF-1097,The Copper Pot III,Bar & Lounge,Bangalore,Continental,Priya Nair,172,3.9,84828,21,1,0,31,0,1,18695,17247,17536,16225,16425,15559,16947,-16.77,64,101682,46774,1220184,1122576,45.5,0,Extended Credit Terms,2034,306463,14959.7,0.7,11.92,🟡 At Risk,Tier 1 – Urgent
FF-1098,Velvet Room III,Premium Café,Hyderabad,Multi-Cuisine,Arjun Mehta,218,4.3,36085,27,5,6,5,1,0,19988,21006,20066,19548,17707,14964,18879,-25.13,10,113274,52106,1359288,990014,27.3,0,No Intervention Needed,0,0,0.0,0.0,0.0,🟢 Healthy,Tier 3 – Monitor
FF-1099,Zest & Zeal III,Premium Café,Hyderabad,Pan-Asian,Priya Nair,71,4.3,31182,27,2,4,35,1,2,7377,6834,6971,6163,5520,4754,6269,-35.55,79,37614,17302,451368,259530,36.4,0,Extended Credit Terms,752,56681,7427.5,0.7,2.21,🟢 Healthy,Tier 3 – Monitor
FF-1100,Neon Nights Bar III,Premium Café,Delhi,Japanese,Riya Sharma,279,3.9,48364,2,6,7,37,1,3,19307,20511,20745,17333,14475,12225,17432,-36.68,42,104592,48112,1255104,721680,36.4,0,Extended Credit Terms,2092,157614,7430.6,0.7,6.13,🟢 Healthy,Tier 2 – Engage
FF-1101,The Garden Table III,5-Star Hotel,Pune,Mediterranean,Priya Nair,78,4.1,84916,13,3,2,10,0,3,22618,24398,23167,21018,19150,17284,21272,-23.58,48,127632,58711,1531584,939376,27.3,0,No Intervention Needed,0,0,0.0,0.0,0.0,🟢 Healthy,Tier 3 – Monitor
FF-1102,Harbour View III,Bar & Lounge,Bangalore,Japanese,Priya Nair,91,3.9,55614,9,4,5,32,1,2,15772,15252,14177,13846,13594,12350,14165,-21.7,44,84990,39095,1019880,469140,36.4,0,Extended Credit Terms,1700,102460,5923.6,0.7,3.99,🟢 Healthy,Tier 3 – Monitor
FF-1103,Crimson Fork III,Bar & Lounge,Pune,Italian,Vikram Singh,167,3.3,38567,22,4,2,23,1,0,5487,5232,5319,5269,4903,4881,5181,-11.04,82,31086,14300,373032,343200,36.4,0,Premium Flavour Trial,500,74954,14861.1,0.65,2.71,🟢 Healthy,Tier 3 – Monitor
FF-1104,Olive & Oak III,Cloud Kitchen,Mumbai,Pan-Asian,Priya Nair,82,4.0,43185,26,6,2,22,1,2,7241,7548,7866,6860,5826,5023,6727,-30.63,87,40362,18567,484344,241371,18.2,0,No Intervention Needed,0,0,0.0,0.0,0.0,🟢 Healthy,Tier 3 – Monitor
FF-1105,The Rooftop Sip III,Premium Café,Pune,Japanese,Priya Nair,262,3.4,18573,12,2,4,14,1,1,15856,15229,15286,14874,14303,12061,14601,-23.93,16,87606,40299,1051272,765681,9.1,0,No Intervention Needed,0,0,0.0,0.0,0.0,🟢 Healthy,Tier 3 – Monitor
FF-1106,Downtown Diner III,Bar & Lounge,Mumbai,Fusion,Riya Sharma,126,3.9,36535,17,5,6,26,1,0,7317,7744,7405,7585,7375,7493,7486,2.41,54,44916,20661,538992,82644,63.6,1,Extended Credit Terms,898,31536,3408.0,0.7,1.23,🟡 At Risk,Tier 3 – Monitor
FF-1107,Bombay Blend III,4-Star Hotel,Delhi,Fusion,Vikram Singh,245,4.3,65477,14,4,5,10,1,0,8192,7671,7875,7132,5984,5125,6996,-37.43,35,41976,19309,503712,463416,27.3,0,No Intervention Needed,0,0,0.0,0.0,0.0,🟢 Healthy,Tier 3 – Monitor
FF-1108,The Mango Tree III,Premium Café,Pune,Continental,Neha Joshi,237,4.2,83862,14,2,4,16,0,0,5176,4866,4539,3949,3920,3428,4313,-33.76,28,25878,11904,310536,190464,18.2,0,No Intervention Needed,0,0,0.0,0.0,0.0,🟢 Healthy,Tier 3 – Monitor
FF-1109,Latitude 28 III,Premium Café,Delhi,Mediterranean,Riya Sharma,260,4.4,65950,34,6,0,13,1,3,19079,20541,20349,18787,17031,14495,18380,-24.03,2,110280,50729,1323360,659477,0.0,0,No Intervention Needed,0,0,0.0,0.0,0.0,🟢 Healthy,Tier 3 – Monitor
FF-1110,The Ice House III,Premium Café,Mumbai,Indian,Riya Sharma,278,3.4,10882,20,1,7,26,0,2,8207,8435,7980,5190,3520,2288,5936,-72.11,20,35616,16383,427392,32766,81.8,1,Extended Credit Terms,712,16081,2155.5,0.7,0.63,🔴 Critical,Tier 3 – Monitor
FF-1111,Pearl & Petal III,Premium Café,Chennai,Pan-Asian,Neha Joshi,281,4.4,4937,11,5,3,17,0,0,10256,10825,10278,10324,9953,9183,10136,-10.46,41,60816,27975,729792,531525,18.2,0,No Intervention Needed,0,0,0.0,0.0,0.0,🟢 Healthy,Tier 3 – Monitor
FF-1112,Mosaic Café III,Cloud Kitchen,Chennai,Continental,Priya Nair,24,3.8,71471,16,3,2,27,0,0,18830,18300,17428,16634,16156,14653,17000,-22.18,80,102000,46920,1224000,328440,54.5,1,Extended Credit Terms,2040,107399,5162.1,0.7,4.18,🟡 At Risk,Tier 3 – Monitor
FF-1113,The Black Label III,Fine Dining Restaurant,Bangalore,Multi-Cuisine,Arjun Mehta,280,3.9,65112,31,4,3,3,1,0,20972,21564,21173,17478,14467,10393,17674,-50.44,59,106044,48780,1272528,878040,27.3,0,No Intervention Needed,0,0,0.0,0.0,0.0,🟢 Healthy,Tier 3 – Monitor
FF-1114,Sundowner Bar III,5-Star Hotel,Ranchi,Italian,Vikram Singh,73,4.7,62429,6,2,7,6,1,2,7306,7416,6883,6249,5504,4565,6320,-37.51,69,37920,17443,455040,418632,36.4,0,Dedicated Account Manager,8000,91429,1042.7,0.85,4.32,🟢 Healthy,Tier 3 – Monitor
FF-1115,Spice Symphony III,Fine Dining Restaurant,Bangalore,Mediterranean,Arjun Mehta,66,3.2,12829,19,1,7,44,1,3,18084,18382,18081,14920,13509,12026,15833,-33.5,53,94998,43699,1139976,305893,63.6,1,Extended Credit Terms,1900,116728,6040.4,0.7,4.54,🟡 At Risk,Tier 3 – Monitor
FF-1116,Casa Milano III,Fine Dining Restaurant,Mumbai,Pan-Asian,Neha Joshi,234,4.3,25669,4,3,4,34,0,1,21538,22167,22208,13874,8457,5200,15574,-75.85,110,93444,42984,1121328,42984,72.7,1,Extended Credit Terms,1869,18749,902.7,0.7,0.73,🔴 Critical,Tier 3 – Monitor
FF-1117,The Lemon Tree III,Premium Café,Mumbai,Fusion,Riya Sharma,196,4.3,35094,4,7,4,8,1,3,12272,12419,12385,10234,7917,5775,10167,-52.94,20,61002,28061,732024,477037,0.0,0,No Intervention Needed,0,0,0.0,0.0,0.0,🟢 Healthy,Tier 3 – Monitor
FF-1118,Bourbon Street III,Cloud Kitchen,Ranchi,Pan-Asian,Riya Sharma,28,3.9,77457,20,2,4,7,1,0,6677,6601,6477,2937,1348,608,4108,-90.88,48,24648,11338,295776,11338,54.5,1,Premium Flavour Trial,500,3707,640.1,0.65,0.13,🟡 At Risk,Tier 3 – Monitor
FF-1119,Café Nuvola III,Bar & Lounge,Hyderabad,Indian,Vikram Singh,118,3.6,61131,10,2,3,44,1,3,21052,20297,21398,21226,18771,16523,19877,-21.51,61,119262,54861,1431144,1152081,45.5,0,Extended Credit Terms,2385,314518,13081.9,0.7,12.24,🟡 At Risk,Tier 1 – Urgent
FF-1120,The Blue Petal Café IV,Fine Dining Restaurant,Hyderabad,Fusion,Riya Sharma,39,3.6,45533,24,3,4,16,1,3,16693,17410,16422,15630,13365,12843,15393,-23.06,58,92358,42485,1108296,1019640,27.3,0,No Intervention Needed,0,0,0.0,0.0,0.0,🟢 Healthy,Tier 3 – Monitor
FF-1121,Skyline Bar IV,Cloud Kitchen,Hyderabad,Indian,Riya Sharma,260,4.8,63633,35,1,7,16,0,1,13116,12541,12552,12485,11310,10495,12083,-19.98,27,72498,33349,869976,767027,27.3,0,No Intervention Needed,0,0,0.0,0.0,0.0,🟢 Healthy,Tier 3 – Monitor
FF-1122,Monarch Grand Hotel IV,Bar & Lounge,Delhi,Multi-Cuisine,Vikram Singh,80,4.0,73665,26,7,0,32,0,2,5012,5166,4804,4518,4728,4814,4840,-3.95,26,29040,13358,348480,320592,27.3,0,No Intervention Needed,0,0,0.0,0.0,0.0,🟢 Healthy,Tier 3 – Monitor
FF-1123,Spice Route IV,Premium Café,Bangalore,Italian,Vikram Singh,197,3.8,74361,21,6,4,31,1,2,19500,18667,17386,15481,13770,12400,16200,-36.41,7,97200,44712,1166400,804816,18.2,0,No Intervention Needed,0,0,0.0,0.0,0.0,🟢 Healthy,Tier 3 – Monitor
FF-1124,The Artisan Brew IV,Premium Café,Delhi,Multi-Cuisine,Neha Joshi,81,4.0,52790,21,1,1,7,0,3,4996,5096,5156,5368,5365,4855,5139,-2.82,42,30834,14184,370008,241128,9.1,0,No Intervention Needed,0,0,0.0,0.0,0.0,🟢 Healthy,Tier 3 – Monitor
FF-1125,Fusion 9 IV,Bar & Lounge,Bangalore,Continental,Riya Sharma,164,4.4,32250,10,5,6,18,1,3,8057,8375,8463,5196,3464,2262,5969,-71.92,88,35814,16474,429768,32948,63.6,1,Dedicated Account Manager,8000,12572,57.1,0.85,0.59,🟡 At Risk,Tier 3 – Monitor
FF-1126,Cloud Nine Lounge IV,Fine Dining Restaurant,Bangalore,Continental,Riya Sharma,235,3.5,40961,4,4,3,37,1,2,5453,5207,5521,5330,4975,4463,5158,-18.15,53,30948,14236,371376,199304,45.5,0,Extended Credit Terms,619,54409,8675.8,0.7,2.12,🟡 At Risk,Tier 3 – Monitor
FF-1127,The Grand Palate IV,Fine Dining Restaurant,Pune,Multi-Cuisine,Neha Joshi,22,4.0,74300,20,3,1,2,1,2,14213,13212,13334,12147,10650,9908,12244,-30.29,59,73464,33793,881568,777239,18.2,0,No Intervention Needed,0,0,0.0,0.0,0.0,🟢 Healthy,Tier 3 – Monitor
FF-1128,Saffron Kitchen IV,Premium Café,Mumbai,Italian,Priya Nair,179,4.3,78722,17,6,4,4,0,1,11425,10750,11540,10627,10724,10914,10996,-4.47,38,65976,30349,791712,728376,9.1,0,No Intervention Needed,0,0,0.0,0.0,0.0,🟢 Healthy,Tier 3 – Monitor
FF-1129,Urban Brew Co. IV,Bar & Lounge,Delhi,Multi-Cuisine,Priya Nair,246,4.9,24726,7,7,7,12,0,0,21137,21495,19942,17979,17799,15788,19023,-25.31,69,114138,52503,1369656,315018,54.5,1,Dedicated Account Manager,8000,103010,1187.5,0.85,4.87,🟡 At Risk,Tier 3 – Monitor
FF-1130,The Cellar Bar IV,Bar & Lounge,Delhi,Italian,Priya Nair,288,3.7,7221,4,3,0,30,0,3,17941,18944,17725,17399,17567,15696,17545,-12.51,87,105270,48424,1263240,145272,54.5,1,Extended Credit Terms,2105,47503,2155.7,0.7,1.85,🟡 At Risk,Tier 3 – Monitor
FF-1131,Pearl Continental IV,Premium Café,Hyderabad,Italian,Neha Joshi,139,3.8,56654,29,3,2,15,1,2,13348,12376,11473,12004,12189,11955,12224,-10.44,53,73344,33738,880128,809712,18.2,0,No Intervention Needed,0,0,0.0,0.0,0.0,🟢 Healthy,Tier 3 – Monitor
FF-1132,Breezy Bites IV,Premium Café,Ranchi,Japanese,Riya Sharma,108,3.9,21109,14,1,5,31,1,3,17322,17970,17065,16303,17058,15684,16900,-9.46,15,101400,46644,1216800,1119456,36.4,0,Extended Credit Terms,2028,244489,11949.8,0.7,9.51,🟢 Healthy,Tier 2 – Engage
FF-1133,Metro Mixology IV,Bar & Lounge,Delhi,Fusion,Neha Joshi,87,4.3,52630,3,4,6,21,0,3,6004,5851,5889,5054,4485,3656,5156,-39.1,26,30936,14231,371232,313082,27.3,0,No Intervention Needed,0,0,0.0,0.0,0.0,🟢 Healthy,Tier 3 – Monitor
FF-1134,The Social Hub IV,Cloud Kitchen,Delhi,Mediterranean,Neha Joshi,117,3.8,73409,24,5,5,28,1,2,7875,7847,8029,4966,3070,1767,5592,-77.55,73,33552,15434,402624,30868,81.8,1,Extended Credit Terms,671,15150,2154.6,0.7,0.59,🔴 Critical,Tier 3 – Monitor
FF-1135,Terrace & Toast IV,Bar & Lounge,Hyderabad,Italian,Priya Nair,286,4.2,55749,16,2,4,21,1,1,17785,19005,17623,11203,7262,4168,12841,-76.56,32,77046,35441,924552,496174,27.3,0,No Intervention Needed,0,0,0.0,0.0,0.0,🟢 Healthy,Tier 3 – Monitor
FF-1136,Altitude Lounge IV,Bar & Lounge,Delhi,Indian,Arjun Mehta,124,4.6,49395,4,2,6,42,0,3,9339,9087,9735,8464,6934,6168,8287,-33.95,9,49722,22872,596664,548928,45.5,0,Extended Credit Terms,994,149857,14961.1,0.7,5.83,🟡 At Risk,Tier 2 – Engage
FF-1137,The Copper Pot IV,4-Star Hotel,Pune,Italian,Riya Sharma,142,4.5,6156,24,3,6,2,1,1,17138,17042,17974,18548,19189,17247,17856,0.64,64,107136,49283,1285632,887094,36.4,0,Dedicated Account Manager,8000,193741,2321.5,0.85,9.15,🟢 Healthy,Tier 2 – Engage
FF-1138,Velvet Room IV,Bar & Lounge,Hyderabad,Italian,Priya Nair,48,4.0,75020,34,4,0,9,1,2,8754,8072,7809,4953,2955,1816,5726,-79.25,120,34356,15804,412272,379296,45.5,0,Premium Flavour Trial,500,103547,20568.3,0.65,3.74,🟡 At Risk,Tier 3 – Monitor
FF-1139,Zest & Zeal IV,Catering Service,Delhi,Italian,Arjun Mehta,156,4.8,64240,30,7,6,41,0,0,19887,18555,17299,10976,6771,4246,12955,-78.65,95,77730,35756,932760,250292,100.0,1,Extended Credit Terms,1555,150175,9551.4,0.7,5.84,🔴 Critical,Tier 2 – Engage
FF-1140,Neon Nights Bar IV,Catering Service,Delhi,Japanese,Arjun Mehta,214,4.2,64809,18,7,3,20,0,0,12749,12256,11608,10688,10927,10271,11416,-19.44,39,68496,31508,821952,756192,18.2,0,No Intervention Needed,0,0,0.0,0.0,0.0,🟢 Healthy,Tier 3 – Monitor
FF-1141,The Garden Table IV,Premium Café,Chennai,Fusion,Vikram Singh,245,4.2,30484,19,6,1,15,1,3,20280,18747,17628,14771,11693,8267,15231,-59.23,4,91386,42038,1096632,546494,0.0,0,No Intervention Needed,0,0,0.0,0.0,0.0,🟢 Healthy,Tier 3 – Monitor
FF-1142,Harbour View IV,Bar & Lounge,Mumbai,Japanese,Riya Sharma,189,3.3,74322,31,1,1,11,1,2,15485,15810,14857,13928,13357,13219,14442,-14.63,3,86652,39860,1039824,837060,9.1,0,No Intervention Needed,0,0,0.0,0.0,0.0,🟢 Healthy,Tier 3 – Monitor
FF-1143,Crimson Fork IV,Bar & Lounge,Mumbai,Continental,Arjun Mehta,28,5.0,6401,19,4,1,1,1,1,20906,20659,20720,15100,11729,8271,16230,-60.43,64,97380,44795,1168560,1075080,18.2,0,No Intervention Needed,0,0,0.0,0.0,0.0,🟢 Healthy,Tier 3 – Monitor
FF-1144,Olive & Oak IV,Premium Café,Hyderabad,Japanese,Priya Nair,59,3.4,32052,19,4,3,40,1,3,10503,10583,10152,5073,2607,1286,6700,-87.75,86,40200,18492,482400,110952,72.7,1,Extended Credit Terms,804,48397,5912.2,0.7,1.88,🔴 Critical,Tier 3 – Monitor
FF-1145,The Rooftop Sip IV,Premium Café,Chennai,Indian,Vikram Singh,44,3.6,31555,22,1,5,23,0,2,20139,19090,18656,18456,17551,17639,18588,-12.41,11,111528,51303,1338336,1231272,36.4,0,Dedicated Account Manager,8000,268909,3261.0,0.85,12.7,🟢 Healthy,Tier 1 – Urgent
FF-1146,Downtown Diner IV,5-Star Hotel,Chennai,Indian,Riya Sharma,280,3.3,38185,24,7,0,34,0,2,13109,12680,13673,8552,5728,3502,9540,-73.28,120,57240,26330,686880,78990,81.8,1,Extended Credit Terms,1145,38768,3283.0,0.7,1.51,🔴 Critical,Tier 3 – Monitor
FF-1147,Bombay Blend IV,Bar & Lounge,Hyderabad,Japanese,Neha Joshi,245,4.4,74465,12,7,6,29,1,1,10830,11113,11440,9918,8151,7005,9742,-35.32,75,58452,26888,701424,80664,54.5,1,Extended Credit Terms,1169,26377,2154.5,0.7,1.03,🟡 At Risk,Tier 3 – Monitor
FF-1148,The Mango Tree IV,Premium Café,Mumbai,Fusion,Priya Nair,143,3.6,15216,30,7,3,29,0,3,11881,12765,13681,6961,3537,1674,8416,-85.9,45,50496,23228,605952,139368,63.6,1,Extended Credit Terms,1010,53182,5160.4,0.7,2.07,🟡 At Risk,Tier 3 – Monitor
FF-1149,Latitude 28 IV,Premium Café,Delhi,Multi-Cuisine,Arjun Mehta,57,3.5,11638,31,3,1,34,0,2,13189,12240,11539,10187,9940,8824,10986,-33.09,21,65916,30321,790992,727704,36.4,0,Extended Credit Terms,1318,158930,11949.4,0.7,6.18,🟢 Healthy,Tier 2 – Engage
FF-1150,The Ice House IV,Cloud Kitchen,Hyderabad,Mediterranean,Arjun Mehta,270,3.4,35798,19,4,4,18,1,2,5952,6323,6203,4124,2485,1622,4451,-72.74,76,26706,12285,320472,61425,54.5,1,Premium Flavour Trial,500,20085,3909.2,0.65,0.73,🟡 At Risk,Tier 3 – Monitor
FF-1151,Pearl & Petal IV,Premium Café,Bangalore,Fusion,Priya Nair,195,3.4,51612,30,2,2,7,1,2,17244,17456,17608,17560,16937,17024,17304,-1.28,46,103824,47759,1245888,1002939,27.3,0,No Intervention Needed,0,0,0.0,0.0,0.0,🟢 Healthy,Tier 3 – Monitor
FF-1152,Mosaic Café IV,Premium Café,Bangalore,Japanese,Arjun Mehta,109,4.3,23929,33,1,6,25,1,1,16916,17089,15931,15339,14185,13149,15434,-22.27,66,92604,42598,1111248,1022352,36.4,0,Dedicated Account Manager,8000,223281,2690.7,0.85,10.55,🟢 Healthy,Tier 2 – Engage
FF-1153,The Black Label IV,Bar & Lounge,Pune,Italian,Vikram Singh,56,4.4,50700,18,7,3,39,1,3,18357,18357,16900,16371,16469,15910,17060,-13.33,36,102360,47086,1228320,1130064,18.2,0,No Intervention Needed,0,0,0.0,0.0,0.0,🟢 Healthy,Tier 3 – Monitor
FF-1154,Sundowner Bar IV,Catering Service,Delhi,Pan-Asian,Riya Sharma,195,3.9,71808,28,6,7,6,0,3,15700,14618,15016,7046,3453,1743,9596,-88.89,120,57576,26485,690912,105940,72.7,1,Dedicated Account Manager,8000,46211,477.6,0.85,2.18,🔴 Critical,Tier 3 – Monitor
FF-1155,Spice Symphony IV,Premium Café,Bangalore,Mediterranean,Vikram Singh,100,4.1,48744,11,7,3,29,1,3,7493,7001,7159,5800,4618,3748,5969,-49.97,82,35814,16474,429768,395376,36.4,0,Extended Credit Terms,716,86350,11943.4,0.7,3.36,🟢 Healthy,Tier 3 – Monitor
FF-1156,Casa Milano IV,4-Star Hotel,Delhi,Mediterranean,Arjun Mehta,133,4.4,17847,33,7,0,6,0,3,8118,8249,8131,5163,3119,1928,5784,-76.24,120,34704,15964,416448,31928,54.5,1,Premium Flavour Trial,500,10440,1984.0,0.65,0.38,🟡 At Risk,Tier 3 – Monitor
FF-1157,The Lemon Tree IV,4-Star Hotel,Bangalore,Indian,Neha Joshi,59,3.2,17420,17,5,0,2,1,0,20467,19946,19912,9439,4397,2074,12705,-89.86,120,76230,35066,914760,175330,63.6,1,Premium Flavour Trial,500,66905,13254.5,0.65,2.42,🟡 At Risk,Tier 3 – Monitor
FF-1158,Bourbon Street IV,Premium Café,Delhi,Mediterranean,Riya Sharma,243,3.8,32322,6,3,3,0,1,0,20802,22190,21889,21657,19626,18036,20700,-13.3,35,124200,57132,1490400,1371168,9.1,0,No Intervention Needed,0,0,0.0,0.0,0.0,🟢 Healthy,Tier 3 – Monitor
FF-1159,Café Nuvola IV,4-Star Hotel,Delhi,Japanese,Riya Sharma,134,5.0,47159,4,1,1,35,1,3,20963,20649,19076,20017,18982,19252,19823,-8.16,31,118938,54711,1427256,1313064,18.2,0,No Intervention Needed,0,0,0.0,0.0,0.0,🟢 Healthy,Tier 3 – Monitor
FF-1160,The Blue Petal Café V,Bar & Lounge,Delhi,Italian,Priya Nair,205,4.2,40608,20,5,2,24,1,1,18495,17439,16979,16389,16126,14513,16656,-21.53,28,99936,45971,1199232,873449,0.0,0,No Intervention Needed,0,0,0.0,0.0,0.0,🟢 Healthy,Tier 3 – Monitor
FF-1161,Skyline Bar V,5-Star Hotel,Ranchi,Italian,Priya Nair,75,3.7,8467,27,5,6,36,1,0,8407,8695,8245,8559,8804,8462,8528,0.65,1,51168,23537,614016,117685,54.5,1,Extended Credit Terms,1023,38482,3658.1,0.7,1.5,🟡 At Risk,Tier 3 – Monitor
FF-1162,Monarch Grand Hotel V,5-Star Hotel,Hyderabad,Continental,Neha Joshi,59,4.1,12371,15,6,0,0,0,2,9166,8862,8292,7891,7891,7256,8226,-20.84,25,49356,22704,592272,340560,9.1,0,No Intervention Needed,0,0,0.0,0.0,0.0,🟢 Healthy,Tier 3 – Monitor
FF-1163,Spice Route V,Bar & Lounge,Bangalore,Italian,Riya Sharma,59,3.8,77952,6,4,6,14,1,0,15087,15148,16254,14023,12859,11227,14099,-25.58,43,84594,38913,1015128,933912,27.3,0,No Intervention Needed,0,0,0.0,0.0,0.0,🟢 Healthy,Tier 3 – Monitor
FF-1164,The Artisan Brew V,Premium Café,Chennai,Fusion,Neha Joshi,256,4.2,74770,14,6,1,36,1,2,11407,11768,11955,11125,11603,10868,11454,-4.72,84,68724,31613,824688,758712,36.4,0,Extended Credit Terms,1374,165702,11951.1,0.7,6.45,🟢 Healthy,Tier 2 – Engage
FF-1165,Fusion 9 V,Fine Dining Restaurant,Mumbai,Italian,Priya Nair,281,3.4,34113,11,4,6,12,0,3,12778,13596,14093,13568,13675,13946,13609,9.14,67,81654,37561,979848,37561,54.5,1,Dedicated Account Manager,8000,12282,53.5,0.85,0.58,🟡 At Risk,Tier 3 – Monitor
FF-1166,Cloud Nine Lounge V,Bar & Lounge,Mumbai,Indian,Priya Nair,235,3.4,28679,9,4,4,39,1,0,19100,19992,19401,18100,18815,16701,18684,-12.56,63,112104,51568,1345248,360976,54.5,1,Extended Credit Terms,2242,118039,5162.6,0.7,4.59,🟡 At Risk,Tier 3 – Monitor
FF-1167,The Grand Palate V,Premium Café,Pune,Italian,Riya Sharma,166,3.5,52688,26,1,0,7,1,1,7699,7916,7780,7002,6855,6587,7306,-14.44,51,43836,20165,526032,483960,27.3,0,No Intervention Needed,0,0,0.0,0.0,0.0,🟢 Healthy,Tier 3 – Monitor
FF-1168,Saffron Kitchen V,Premium Café,Mumbai,Continental,Vikram Singh,187,4.9,55599,16,7,1,4,0,0,21230,21840,20920,10849,5092,2269,13700,-89.31,3,82200,37812,986400,453744,45.5,0,Premium Flavour Trial,500,123872,24625.1,0.65,4.48,🟡 At Risk,Tier 3 – Monitor
FF-1169,Urban Brew Co. V,5-Star Hotel,Chennai,Pan-Asian,Arjun Mehta,111,4.5,35762,5,1,1,8,1,0,7210,7724,7225,5933,4309,3108,5918,-56.89,82,35508,16334,426096,392016,27.3,0,No Intervention Needed,0,0,0.0,0.0,0.0,🟢 Healthy,Tier 3 – Monitor
FF-1170,The Cellar Bar V,4-Star Hotel,Delhi,Japanese,Priya Nair,78,3.5,78713,10,3,2,0,1,0,21273,20578,19521,9871,4979,2343,13094,-88.98,120,78564,36139,942768,144556,63.6,1,Premium Flavour Trial,500,55162,10910.6,0.65,1.99,🟡 At Risk,Tier 3 – Monitor
FF-1171,Pearl Continental V,Premium Café,Chennai,Indian,Priya Nair,78,3.5,18768,3,4,2,35,1,3,9421,8668,9080,8400,7712,7337,8436,-22.12,74,50616,23283,607392,558792,45.5,0,Extended Credit Terms,1012,152550,14959.3,0.7,5.94,🟡 At Risk,Tier 2 – Engage
FF-1172,Breezy Bites V,Bar & Lounge,Delhi,Fusion,Vikram Singh,188,4.5,78366,13,5,4,34,1,1,13250,12766,13128,12052,11394,10439,12171,-21.21,69,73026,33592,876312,806208,36.4,0,Extended Credit Terms,1461,176075,11943.5,0.7,6.85,🟢 Healthy,Tier 2 – Engage
FF-1173,Metro Mixology V,Premium Café,Pune,Pan-Asian,Vikram Singh,288,3.5,61045,30,7,1,1,1,0,7462,7125,7178,5226,4096,3028,5685,-59.41,9,34110,15691,409320,219674,18.2,0,No Intervention Needed,0,0,0.0,0.0,0.0,🟢 Healthy,Tier 3 – Monitor
FF-1174,The Social Hub V,5-Star Hotel,Bangalore,Indian,Neha Joshi,64,3.6,72646,6,2,5,39,1,1,11442,11738,11691,11791,11610,10358,11438,-9.47,2,68628,31569,823536,505104,45.5,0,Extended Credit Terms,1373,137893,9936.0,0.7,5.37,🟡 At Risk,Tier 3 – Monitor
FF-1175,Terrace & Toast V,Premium Café,Chennai,Multi-Cuisine,Neha Joshi,200,4.9,72466,17,3,1,22,1,3,8980,9172,9791,10175,10074,9292,9580,3.47,34,57480,26441,689760,528820,0.0,0,No Intervention Needed,0,0,0.0,0.0,0.0,🟢 Healthy,Tier 3 – Monitor
FF-1176,Altitude Lounge V,4-Star Hotel,Delhi,Mediterranean,Arjun Mehta,189,3.7,40422,19,1,2,8,0,2,6852,6954,6478,6248,5779,5867,6363,-14.37,60,38178,17562,458136,421488,36.4,0,Premium Flavour Trial,500,92052,18273.9,0.65,3.33,🟢 Healthy,Tier 3 – Monitor
FF-1177,The Copper Pot V,Bar & Lounge,Bangalore,Multi-Cuisine,Arjun Mehta,210,4.4,79864,35,6,5,33,1,0,15405,14212,13713,12586,12044,12191,13358,-20.86,61,80148,36868,961776,36868,63.6,1,Extended Credit Terms,1603,14068,777.1,0.7,0.55,🟡 At Risk,Tier 3 – Monitor
FF-1178,Velvet Room V,Cloud Kitchen,Chennai,Italian,Riya Sharma,174,5.0,43413,26,3,0,13,1,1,10141,10512,10259,10021,9946,9218,10016,-9.1,31,60096,27644,721152,663456,0.0,0,No Intervention Needed,0,0,0.0,0.0,0.0,🟢 Healthy,Tier 3 – Monitor
FF-1179,Zest & Zeal V,Premium Café,Bangalore,Pan-Asian,Neha Joshi,207,3.9,56177,5,3,0,3,0,1,15632,15190,15876,15119,15806,15172,15465,-2.94,10,92790,42683,1113480,554879,9.1,0,No Intervention Needed,0,0,0.0,0.0,0.0,🟢 Healthy,Tier 3 – Monitor
FF-1180,Neon Nights Bar V,Bar & Lounge,Ranchi,Italian,Priya Nair,26,3.2,50341,29,7,6,29,1,3,5783,5935,6402,5509,5003,4535,5527,-21.58,76,33162,15255,397944,45765,63.6,1,Extended Credit Terms,663,17463,2530.1,0.7,0.68,🟡 At Risk,Tier 3 – Monitor
FF-1181,The Garden Table V,Premium Café,Ranchi,Mediterranean,Neha Joshi,152,3.6,46832,20,3,3,30,1,0,5433,5482,5254,5218,5418,4772,5262,-12.16,36,31572,14523,378864,348552,36.4,0,Extended Credit Terms,631,76123,11944.9,0.7,2.96,🟢 Healthy,Tier 3 – Monitor
FF-1182,Harbour View V,Cloud Kitchen,Bangalore,Indian,Priya Nair,254,4.7,25532,21,3,2,37,0,2,15918,15517,16446,16574,16811,16701,16327,4.92,85,97962,45063,1175544,766071,45.5,0,Extended Credit Terms,1959,209137,10570.3,0.7,8.14,🟡 At Risk,Tier 2 – Engage
FF-1183,Crimson Fork V,Fine Dining Restaurant,Ranchi,Mediterranean,Vikram Singh,64,4.8,38346,10,2,3,10,1,1,9368,8820,9286,6809,5385,4363,7338,-53.42,49,44028,20253,528336,445566,18.2,0,No Intervention Needed,0,0,0.0,0.0,0.0,🟢 Healthy,Tier 3 – Monitor
FF-1184,Olive & Oak V,Premium Café,Bangalore,Continental,Neha Joshi,268,4.6,59974,5,6,5,34,1,0,9868,9227,8820,7985,7416,6620,8322,-32.91,70,49932,22969,599184,22969,63.6,1,Extended Credit Terms,999,8764,776.5,0.7,0.34,🟡 At Risk,Tier 3 – Monitor
FF-1185,The Rooftop Sip V,4-Star Hotel,Pune,Mediterranean,Vikram Singh,50,3.4,45436,6,6,2,7,1,2,15806,16644,16375,17179,17179,15505,16448,-1.9,49,98688,45396,1184256,1044108,27.3,0,No Intervention Needed,0,0,0.0,0.0,0.0,🟢 Healthy,Tier 3 – Monitor
FF-1186,Downtown Diner V,Fine Dining Restaurant,Delhi,Continental,Arjun Mehta,42,4.6,30294,26,6,4,2,0,1,8626,9203,9069,5511,3558,2346,6385,-72.79,8,38310,17623,459720,229099,36.4,0,Premium Flavour Trial,500,50035,9887.2,0.65,1.81,🟢 Healthy,Tier 3 – Monitor
FF-1187,Bombay Blend V,5-Star Hotel,Mumbai,Mediterranean,Arjun Mehta,179,4.9,62088,4,4,1,13,0,1,21415,21928,23605,21435,21228,20278,21648,-5.31,74,129888,59748,1558656,1194960,27.3,0,No Intervention Needed,0,0,0.0,0.0,0.0,🟢 Healthy,Tier 3 – Monitor
FF-1188,The Mango Tree V,Bar & Lounge,Chennai,Japanese,Riya Sharma,177,4.3,71484,35,5,4,12,1,2,12421,11632,11038,10248,9976,8798,10685,-29.17,5,64110,29491,769320,707784,0.0,0,No Intervention Needed,0,0,0.0,0.0,0.0,🟢 Healthy,Tier 3 – Monitor
FF-1189,Latitude 28 V,Premium Café,Pune,Continental,Neha Joshi,58,4.9,50831,1,6,5,44,1,2,21120,20788,21783,18745,17439,15176,19175,-28.14,61,115050,52923,1380600,158769,54.5,1,Extended Credit Terms,2301,51917,2155.3,0.7,2.02,🟡 At Risk,Tier 3 – Monitor
FF-1190,The Ice House V,Premium Café,Bangalore,Pan-Asian,Vikram Singh,101,4.7,28641,24,3,2,31,0,3,10647,11037,10744,10301,9787,9229,10290,-13.32,85,61740,28400,740880,340800,45.5,0,Extended Credit Terms,1235,93038,7427.4,0.7,3.62,🟡 At Risk,Tier 3 – Monitor
FF-1191,Pearl & Petal V,Cloud Kitchen,Ranchi,Italian,Priya Nair,277,4.4,9574,6,3,7,33,1,0,5213,5446,5647,5473,5084,4718,5263,-9.49,26,31578,14526,378936,305046,45.5,0,Extended Credit Terms,632,83277,13056.1,0.7,3.24,🟡 At Risk,Tier 3 – Monitor
FF-1192,Mosaic Café V,Cloud Kitchen,Mumbai,Fusion,Arjun Mehta,225,4.2,6906,31,6,5,44,0,0,18050,16947,16730,12730,9467,7442,13561,-58.77,72,81366,37428,976392,261996,72.7,1,Extended Credit Terms,1627,114282,6919.8,0.7,4.45,🔴 Critical,Tier 3 – Monitor
FF-1193,The Black Label V,5-Star Hotel,Delhi,Italian,Arjun Mehta,96,3.8,23791,20,7,7,18,0,3,4713,4335,4389,4242,4330,4413,4403,-6.36,5,26418,12152,317016,279496,27.3,0,No Intervention Needed,0,0,0.0,0.0,0.0,🟢 Healthy,Tier 3 – Monitor
FF-1194,Sundowner Bar V,Bar & Lounge,Bangalore,Multi-Cuisine,Priya Nair,31,3.5,42068,24,6,1,37,1,1,8879,9180,9668,9196,8106,7086,8685,-20.19,15,52110,23971,625320,575304,27.3,0,No Intervention Needed,0,0,0.0,0.0,0.0,🟢 Healthy,Tier 3 – Monitor
FF-1195,Spice Symphony V,Bar & Lounge,Mumbai,Italian,Vikram Singh,243,4.3,47351,25,3,0,15,1,2,19690,19238,20174,18711,16224,14724,18126,-25.22,16,108756,50028,1305072,950532,0.0,0,No Intervention Needed,0,0,0.0,0.0,0.0,🟢 Healthy,Tier 3 – Monitor
FF-1196,Casa Milano V,4-Star Hotel,Bangalore,Indian,Vikram Singh,32,3.8,55323,21,4,0,1,0,2,11753,11291,11952,12301,11875,11336,11751,-3.55,1,70506,32433,846072,518928,9.1,0,No Intervention Needed,0,0,0.0,0.0,0.0,🟢 Healthy,Tier 3 – Monitor
FF-1197,The Lemon Tree V,Cloud Kitchen,Delhi,Japanese,Neha Joshi,65,4.8,23812,30,1,5,39,1,2,11117,10250,9527,8830,7937,6691,9058,-39.81,16,54348,25000,652176,600000,36.4,0,Extended Credit Terms,1087,131040,11944.2,0.7,5.1,🟢 Healthy,Tier 3 – Monitor
FF-1198,Bourbon Street V,Fine Dining Restaurant,Chennai,Mediterranean,Neha Joshi,174,5.0,43608,24,1,3,16,0,1,8396,8450,8709,7851,7581,6850,7972,-18.41,37,47832,22003,573984,264036,9.1,0,No Intervention Needed,0,0,0.0,0.0,0.0,🟢 Healthy,Tier 3 – Monitor
FF-1199,Café Nuvola V,Fine Dining Restaurant,Chennai,Multi-Cuisine,Riya Sharma,132,4.6,67418,30,6,2,33,1,2,15845,16735,15771,15232,13624,13160,15061,-16.94,3,90366,41568,1084392,997632,18.2,0,No Intervention Needed,0,0,0.0,0.0,0.0,🟢 Healthy,Tier 3 – Monitor
FF-1200,The Blue Petal Café VI,5-Star Hotel,Ranchi,Indian,Arjun Mehta,252,3.4,34671,22,2,2,41,1,2,19661,21100,20815,20172,19843,19832,20237,0.87,52,121422,55854,1457064,949518,45.5,0,Extended Credit Terms,2428,259218,10571.8,0.7,10.09,🟡 At Risk,Tier 2 – Engage
FF-1201,Skyline Bar VI,Premium Café,Bangalore,Indian,Neha Joshi,36,3.7,42279,28,6,0,15,0,3,15508,15671,15792,15727,14224,12834,14959,-17.24,47,89754,41287,1077048,949601,36.4,0,Dedicated Account Manager,8000,207392,2492.1,0.85,9.8,🟢 Healthy,Tier 2 – Engage
FF-1202,Monarch Grand Hotel VI,Premium Café,Mumbai,Continental,Vikram Singh,242,3.4,69328,7,7,6,37,0,1,9564,9586,9436,9176,9542,9202,9417,-3.78,13,56502,25991,678024,129955,54.5,1,Extended Credit Terms,1130,42495,3657.4,0.7,1.65,🟡 At Risk,Tier 3 – Monitor
FF-1203,Spice Route VI,Cloud Kitchen,Hyderabad,Italian,Priya Nair,207,4.4,12911,35,6,4,1,1,0,12128,11322,11357,9522,7910,5769,9668,-52.43,80,58008,26684,696096,640416,27.3,0,No Intervention Needed,0,0,0.0,0.0,0.0,🟢 Healthy,Tier 3 – Monitor
FF-1204,The Artisan Brew VI,5-Star Hotel,Ranchi,Pan-Asian,Vikram Singh,182,4.6,57509,28,1,6,1,1,3,13854,13962,15071,15269,14892,14238,14547,2.77,55,87282,40150,1047384,963600,36.4,0,Dedicated Account Manager,8000,210450,2530.3,0.85,9.94,🟢 Healthy,Tier 2 – Engage
FF-1205,Fusion 9 VI,Premium Café,Delhi,Fusion,Arjun Mehta,93,4.9,15922,14,3,1,25,1,3,5180,5080,4783,4483,4255,4158,4656,-19.73,21,27936,12851,335232,154212,0.0,0,No Intervention Needed,0,0,0.0,0.0,0.0,🟢 Healthy,Tier 3 – Monitor
FF-1206,Cloud Nine Lounge VI,Premium Café,Pune,Pan-Asian,Vikram Singh,252,4.0,42968,10,6,4,12,0,0,13411,13640,14022,13064,12541,11343,13003,-15.42,66,78018,35888,936216,789536,36.4,0,Dedicated Account Manager,8000,172434,2055.2,0.85,8.15,🟢 Healthy,Tier 2 – Engage
FF-1207,The Grand Palate VI,4-Star Hotel,Pune,Multi-Cuisine,Riya Sharma,243,4.8,32871,16,3,4,30,1,3,18985,18646,18335,17307,14104,12930,16717,-31.89,54,100302,46139,1203624,1107336,36.4,0,Extended Credit Terms,2006,241842,11950.0,0.7,9.41,🟢 Healthy,Tier 2 – Engage
FF-1208,Saffron Kitchen VI,Premium Café,Chennai,Japanese,Arjun Mehta,79,4.8,57522,16,3,5,33,1,1,15410,14769,13901,13584,12533,11496,13615,-25.4,27,81690,37577,980280,450924,36.4,0,Extended Credit Terms,1634,98481,5923.4,0.7,3.83,🟢 Healthy,Tier 3 – Monitor
FF-1209,Urban Brew Co. VI,Premium Café,Hyderabad,Pan-Asian,Priya Nair,241,3.8,71729,31,2,0,38,1,2,16869,15775,14913,12275,10500,8806,13189,-47.79,38,79134,36402,949608,691638,18.2,0,No Intervention Needed,0,0,0.0,0.0,0.0,🟢 Healthy,Tier 3 – Monitor
FF-1210,The Cellar Bar VI,Bar & Lounge,Ranchi,Mediterranean,Riya Sharma,56,4.8,51696,25,3,6,2,1,1,12219,11857,12709,10227,8493,6713,10369,-45.06,58,62214,28618,746568,457888,36.4,0,Dedicated Account Manager,8000,100002,1149.9,0.85,4.72,🟢 Healthy,Tier 3 – Monitor
FF-1211,Pearl Continental VI,4-Star Hotel,Mumbai,Pan-Asian,Arjun Mehta,297,3.9,80854,13,1,6,7,1,0,7906,7395,7844,4853,2844,1670,5418,-78.87,120,32508,14954,390096,29908,72.7,1,Dedicated Account Manager,8000,13045,63.1,0.85,0.62,🔴 Critical,Tier 3 – Monitor
FF-1212,Breezy Bites VI,4-Star Hotel,Chennai,Multi-Cuisine,Priya Nair,215,3.7,27215,6,4,0,22,1,0,5573,5284,5628,5071,4984,4654,5199,-16.49,46,31194,14349,374328,272631,36.4,0,Premium Flavour Trial,500,59542,11784.8,0.65,2.15,🟢 Healthy,Tier 3 – Monitor
FF-1213,Metro Mixology VI,Premium Café,Pune,Fusion,Riya Sharma,261,4.4,28105,9,4,6,13,1,3,15402,16602,17907,16340,15695,13845,15965,-10.11,89,95790,44063,1149480,925323,36.4,0,Dedicated Account Manager,8000,202090,2425.8,0.85,9.55,🟢 Healthy,Tier 2 – Engage
FF-1214,The Social Hub VI,4-Star Hotel,Delhi,Pan-Asian,Riya Sharma,238,3.8,31674,20,5,7,26,1,1,8656,8578,8177,4970,3142,1920,5907,-77.81,17,35442,16303,425304,114121,63.6,1,Extended Credit Terms,709,43548,6033.7,0.7,1.69,🟡 At Risk,Tier 3 – Monitor
FF-1215,Terrace & Toast VI,Premium Café,Delhi,Mediterranean,Arjun Mehta,211,4.3,10456,18,7,0,28,1,1,10847,10902,10649,5446,2485,1229,6926,-88.66,120,41556,19116,498672,95580,63.6,1,Extended Credit Terms,831,36473,4283.9,0.7,1.42,🟡 At Risk,Tier 3 – Monitor
FF-1216,Altitude Lounge VI,Bar & Lounge,Mumbai,Continental,Neha Joshi,36,4.3,76873,21,6,5,38,0,0,8895,9426,9681,5981,4065,2504,6758,-71.84,15,40548,18652,486576,37304,81.8,1,Extended Credit Terms,811,18308,2154.8,0.7,0.71,🔴 Critical,Tier 3 – Monitor
FF-1217,The Copper Pot VI,4-Star Hotel,Hyderabad,Japanese,Riya Sharma,31,4.2,69752,4,7,3,38,1,1,9054,9771,9745,9980,9757,9670,9662,6.8,71,57972,26667,695664,640008,36.4,0,Extended Credit Terms,1159,139777,11949.8,0.7,5.44,🟢 Healthy,Tier 3 – Monitor
FF-1218,Velvet Room VI,5-Star Hotel,Chennai,Multi-Cuisine,Riya Sharma,212,3.9,62449,33,1,4,0,1,0,8066,8172,8065,7259,7201,6918,7613,-14.23,64,45678,21012,548136,294168,27.3,0,No Intervention Needed,0,0,0.0,0.0,0.0,🟢 Healthy,Tier 3 – Monitor
FF-1219,Zest & Zeal VI,Fine Dining Restaurant,Delhi,Continental,Priya Nair,41,4.2,63146,27,3,5,16,1,1,17654,18536,18114,16282,14470,12755,16301,-27.75,21,97806,44991,1173672,1079784,18.2,0,No Intervention Needed,0,0,0.0,0.0,0.0,🟢 Healthy,Tier 3 – Monitor
FF-1220,Neon Nights Bar VI,4-Star Hotel,Bangalore,Continental,Vikram Singh,139,4.3,70517,7,4,2,40,0,1,9768,9497,9639,7219,5616,4463,7700,-54.3,72,46200,21252,554400,382536,45.5,0,Extended Credit Terms,924,104432,11190.1,0.7,4.06,🟡 At Risk,Tier 3 – Monitor
FF-1221,The Garden Table VI,5-Star Hotel,Mumbai,Continental,Arjun Mehta,229,4.2,63537,6,7,1,29,0,1,6646,6439,6516,5788,5302,4600,5881,-30.78,63,35286,16232,423432,389568,45.5,0,Extended Credit Terms,706,106352,14942.9,0.7,4.14,🟡 At Risk,Tier 3 – Monitor
FF-1222,Harbour View VI,Premium Café,Chennai,Indian,Arjun Mehta,289,4.0,7048,15,1,3,12,1,0,14455,14229,13458,11637,10073,8721,12095,-39.67,85,72570,33382,870840,801168,27.3,0,No Intervention Needed,0,0,0.0,0.0,0.0,🟢 Healthy,Tier 3 – Monitor
FF-1223,Crimson Fork VI,Bar & Lounge,Pune,Japanese,Neha Joshi,211,3.2,73794,18,4,2,20,0,3,16544,17000,16923,10208,6077,3755,11751,-77.3,120,70506,32433,846072,194598,63.6,1,Premium Flavour Trial,500,74258,14722.2,0.65,2.68,🟡 At Risk,Tier 3 – Monitor
FF-1224,Olive & Oak VI,Premium Café,Pune,Fusion,Neha Joshi,194,4.3,23677,32,3,4,18,1,1,14856,15289,15419,15162,15550,14251,15087,-4.07,20,90522,41640,1086264,999360,0.0,0,No Intervention Needed,0,0,0.0,0.0,0.0,🟢 Healthy,Tier 3 – Monitor
FF-1225,The Rooftop Sip VI,Premium Café,Bangalore,Italian,Arjun Mehta,223,3.5,24522,11,7,6,18,0,0,15858,15389,15562,9545,5807,3326,10914,-79.02,23,65484,30123,785808,30123,72.7,1,Dedicated Account Manager,8000,13139,64.2,0.85,0.62,🔴 Critical,Tier 3 – Monitor
FF-1226,Downtown Diner VI,Catering Service,Mumbai,Japanese,Neha Joshi,183,4.4,6042,20,4,0,24,0,0,9527,8967,8551,8231,7648,7424,8391,-22.07,58,50346,23159,604152,324226,36.4,0,Premium Flavour Trial,500,70810,14033.9,0.65,2.56,🟢 Healthy,Tier 3 – Monitor
FF-1227,Bombay Blend VI,Bar & Lounge,Mumbai,Indian,Priya Nair,270,4.6,60928,24,6,4,21,0,1,8371,8548,8879,8493,8286,7884,8410,-5.82,46,50460,23212,605520,557088,27.3,0,No Intervention Needed,0,0,0.0,0.0,0.0,🟢 Healthy,Tier 3 – Monitor
FF-1228,The Mango Tree VI,Cloud Kitchen,Delhi,Italian,Arjun Mehta,246,4.1,23240,15,6,5,30,0,1,8538,8030,7419,7269,7011,6276,7423,-26.49,31,44538,20487,534456,491688,45.5,0,Extended Credit Terms,891,134230,14948.3,0.7,5.22,🟡 At Risk,Tier 3 – Monitor
FF-1229,Latitude 28 VI,5-Star Hotel,Pune,Japanese,Neha Joshi,26,4.2,59853,7,5,1,16,1,3,11348,11490,11223,9299,6764,5494,9269,-51.58,9,55614,25582,667368,613968,0.0,0,No Intervention Needed,0,0,0.0,0.0,0.0,🟢 Healthy,Tier 3 – Monitor
FF-1230,The Ice House VI,Fine Dining Restaurant,Hyderabad,Continental,Arjun Mehta,48,4.9,57032,21,5,5,22,0,0,16014,16509,17249,16799,16572,15908,16508,-0.66,15,99048,45562,1188576,592306,36.4,0,Dedicated Account Manager,8000,129359,1516.8,0.85,6.11,🟢 Healthy,Tier 2 – Engage
FF-1231,Pearl & Petal VI,Bar & Lounge,Chennai,Multi-Cuisine,Vikram Singh,52,4.7,16552,26,4,3,31,1,0,15690,16193,16358,15532,14256,14268,15382,-9.06,26,92292,42454,1107504,1018896,27.3,0,No Intervention Needed,0,0,0.0,0.0,0.0,🟢 Healthy,Tier 3 – Monitor
FF-1232,Mosaic Café VI,5-Star Hotel,Chennai,Italian,Riya Sharma,153,4.8,47576,14,1,3,9,1,2,17300,18001,17313,7929,3589,1614,10957,-90.67,29,65742,30241,788904,725784,27.3,0,No Intervention Needed,0,0,0.0,0.0,0.0,🟢 Healthy,Tier 3 – Monitor
FF-1233,The Black Label VI,Bar & Lounge,Bangalore,Mediterranean,Arjun Mehta,98,4.7,53920,21,6,1,9,1,0,9853,10440,10765,11228,10194,9783,10377,-0.71,29,62262,28641,747144,630102,9.1,0,No Intervention Needed,0,0,0.0,0.0,0.0,🟢 Healthy,Tier 3 – Monitor
FF-1234,Sundowner Bar VI,Premium Café,Hyderabad,Mediterranean,Riya Sharma,77,3.4,1171,18,1,7,35,1,3,9567,9566,9669,8349,8130,7735,8836,-19.15,80,53016,24387,636192,97548,63.6,1,Extended Credit Terms,1060,37224,3408.5,0.7,1.45,🟡 At Risk,Tier 3 – Monitor
FF-1235,Spice Symphony VI,4-Star Hotel,Chennai,Pan-Asian,Neha Joshi,45,3.5,663,5,1,2,7,1,2,19822,20552,21526,19317,16840,15384,18906,-22.39,36,113436,52181,1361232,991439,9.1,0,No Intervention Needed,0,0,0.0,0.0,0.0,🟢 Healthy,Tier 3 – Monitor
FF-1236,Casa Milano VI,Premium Café,Pune,Italian,Riya Sharma,245,4.1,41924,3,4,2,19,1,2,12113,12343,12807,11493,9900,9221,11312,-23.87,84,67872,31221,814464,561978,18.2,0,No Intervention Needed,0,0,0.0,0.0,0.0,🟢 Healthy,Tier 3 – Monitor
FF-1237,The Lemon Tree VI,Premium Café,Mumbai,Multi-Cuisine,Arjun Mehta,23,3.6,54244,23,1,3,31,0,2,7956,7557,7690,6561,5702,4783,6708,-39.88,37,40248,18514,482976,407308,36.4,0,Extended Credit Terms,805,88956,10936.8,0.7,3.46,🟢 Healthy,Tier 3 – Monitor
FF-1238,Bourbon Street VI,5-Star Hotel,Bangalore,Fusion,Vikram Singh,118,4.1,70831,26,6,3,13,1,1,20055,18533,18497,17103,17557,15677,17903,-21.83,86,107418,49412,1289016,691768,18.2,0,No Intervention Needed,0,0,0.0,0.0,0.0,🟢 Healthy,Tier 3 – Monitor
FF-1239,Café Nuvola VI,Premium Café,Delhi,Indian,Neha Joshi,58,3.9,11134,24,3,6,27,1,1,18906,18254,17182,16608,14820,13292,16510,-29.69,71,99060,45568,1188720,273408,54.5,1,Extended Credit Terms,1981,89404,4410.8,0.7,3.48,🟡 At Risk,Tier 3 – Monitor
FF-1240,The Blue Petal Café VII,Cloud Kitchen,Chennai,Continental,Arjun Mehta,290,4.2,5298,19,5,0,23,1,0,5688,5636,5420,4977,4794,4483,5166,-21.18,23,30996,14258,371952,342192,9.1,0,No Intervention Needed,0,0,0.0,0.0,0.0,🟢 Healthy,Tier 3 – Monitor
FF-1241,Skyline Bar VII,Catering Service,Ranchi,Pan-Asian,Neha Joshi,176,4.5,22920,25,3,6,14,1,2,18401,18745,18502,16572,13512,12177,16318,-33.82,41,97908,45038,1174896,765646,18.2,0,No Intervention Needed,0,0,0.0,0.0,0.0,🟢 Healthy,Tier 3 – Monitor
FF-1242,Monarch Grand Hotel VII,Cloud Kitchen,Mumbai,Mediterranean,Priya Nair,94,4.5,29800,21,1,6,21,1,3,18846,19901,20217,18570,17963,16421,18653,-12.87,80,111918,51482,1343016,978158,36.4,0,Dedicated Account Manager,8000,213629,2570.0,0.85,10.09,🟢 Healthy,Tier 2 – Engage
FF-1243,Spice Route VII,Bar & Lounge,Ranchi,Indian,Riya Sharma,149,4.1,11249,12,3,7,29,1,1,20765,19755,19798,17126,16052,15483,18163,-25.44,28,108978,50130,1307736,1203120,36.4,0,Extended Credit Terms,2180,262761,11947.8,0.7,10.22,🟢 Healthy,Tier 2 – Engage
FF-1244,The Artisan Brew VII,Premium Café,Ranchi,Indian,Priya Nair,194,4.7,25621,33,6,2,3,1,3,20898,19645,18979,19670,19387,19661,19706,-5.92,48,118236,54389,1418832,870224,18.2,0,No Intervention Needed,0,0,0.0,0.0,0.0,🟢 Healthy,Tier 3 – Monitor
FF-1245,Fusion 9 VII,Cloud Kitchen,Mumbai,Continental,Arjun Mehta,103,4.0,37987,4,6,7,12,1,3,12596,13530,12461,11570,10989,10051,11866,-20.2,38,71196,32750,854352,622250,18.2,0,No Intervention Needed,0,0,0.0,0.0,0.0,🟢 Healthy,Tier 3 – Monitor
FF-1246,Cloud Nine Lounge VII,Bar & Lounge,Delhi,Fusion,Vikram Singh,41,4.8,33861,7,1,7,22,0,1,18758,17581,17570,17977,17030,15816,17455,-15.68,31,104730,48176,1256760,626288,27.3,0,No Intervention Needed,0,0,0.0,0.0,0.0,🟢 Healthy,Tier 3 – Monitor
FF-1247,The Grand Palate VII,Catering Service,Ranchi,Fusion,Neha Joshi,46,3.3,21723,22,4,1,7,1,1,19319,19252,18591,18250,16716,16805,18155,-13.01,14,108930,50108,1307160,1202592,9.1,0,No Intervention Needed,0,0,0.0,0.0,0.0,🟢 Healthy,Tier 3 – Monitor
FF-1248,Saffron Kitchen VII,Catering Service,Bangalore,Italian,Riya Sharma,214,4.9,73430,33,3,2,17,0,1,7916,8024,8325,6071,4638,3767,6456,-52.41,73,38736,17819,464832,409837,27.3,0,No Intervention Needed,0,0,0.0,0.0,0.0,🟢 Healthy,Tier 3 – Monitor
FF-1249,Urban Brew Co. VII,Fine Dining Restaurant,Hyderabad,Mediterranean,Neha Joshi,255,4.4,14556,17,4,0,11,0,1,15129,15229,14069,14678,13429,12651,14197,-16.38,88,85182,39184,1022184,940416,27.3,0,No Intervention Needed,0,0,0.0,0.0,0.0,🟢 Healthy,Tier 3 – Monitor
FF-1250,The Cellar Bar VII,Premium Café,Bangalore,Fusion,Arjun Mehta,111,3.9,28880,24,4,5,30,1,2,13254,12376,12543,7639,5039,3029,8980,-77.14,120,53880,24785,646560,173495,81.8,1,Extended Credit Terms,1078,85151,7791.8,0.7,3.31,🔴 Critical,Tier 3 – Monitor
FF-1251,Pearl Continental VII,Bar & Lounge,Pune,Multi-Cuisine,Neha Joshi,40,3.6,26535,34,2,3,13,0,2,7957,7393,7915,4072,2127,1014,5079,-87.25,65,30474,14018,365688,56072,63.6,1,Premium Flavour Trial,500,21397,4171.1,0.65,0.77,🟡 At Risk,Tier 3 – Monitor
FF-1252,Breezy Bites VII,Fine Dining Restaurant,Bangalore,Fusion,Riya Sharma,103,4.1,31120,28,1,3,33,0,2,5244,4912,4656,4092,4064,3769,4456,-28.12,51,26736,12299,320832,295176,45.5,0,Extended Credit Terms,535,80583,14934.3,0.7,3.14,🟡 At Risk,Tier 3 – Monitor
FF-1253,Metro Mixology VII,Bar & Lounge,Bangalore,Indian,Arjun Mehta,281,3.6,20377,22,5,0,17,0,2,13495,13679,13616,13998,14414,13236,13739,-1.92,49,82434,37920,989208,910080,36.4,0,Dedicated Account Manager,8000,198761,2384.2,0.85,9.39,🟢 Healthy,Tier 2 – Engage
FF-1254,The Social Hub VII,Premium Café,Pune,Continental,Neha Joshi,166,3.5,55816,17,6,7,33,1,0,12756,12846,12006,10829,10721,10539,11616,-17.38,43,69696,32060,836352,96180,54.5,1,Extended Credit Terms,1394,31450,2154.6,0.7,1.22,🟡 At Risk,Tier 3 – Monitor
FF-1255,Terrace & Toast VII,5-Star Hotel,Mumbai,Multi-Cuisine,Vikram Singh,276,4.3,64541,34,6,6,10,1,2,22180,21235,21662,16926,13610,9660,17545,-56.44,72,105270,48424,1263240,1162176,36.4,0,Dedicated Account Manager,8000,253819,3072.4,0.85,11.99,🟢 Healthy,Tier 1 – Urgent
FF-1256,Altitude Lounge VII,Cloud Kitchen,Delhi,Italian,Arjun Mehta,77,4.1,53852,6,1,1,40,1,1,22502,22998,23183,23540,22193,19682,22349,-12.53,87,134094,61683,1609128,1233660,36.4,0,Extended Credit Terms,2682,269431,9942.2,0.7,10.48,🟢 Healthy,Tier 2 – Engage
FF-1257,The Copper Pot VII,4-Star Hotel,Delhi,Mediterranean,Arjun Mehta,34,4.4,31411,6,7,7,11,1,3,19187,20169,19870,20669,20557,19201,19942,0.07,5,119652,55040,1435824,660480,18.2,0,No Intervention Needed,0,0,0.0,0.0,0.0,🟢 Healthy,Tier 3 – Monitor
FF-1258,Velvet Room VII,5-Star Hotel,Hyderabad,Italian,Vikram Singh,181,4.9,33284,34,7,3,14,1,2,5980,5541,5559,5473,5034,4445,5338,-25.66,42,32028,14733,384336,353592,0.0,0,No Intervention Needed,0,0,0.0,0.0,0.0,🟢 Healthy,Tier 3 – Monitor
FF-1259,Zest & Zeal VII,Premium Café,Ranchi,Indian,Priya Nair,182,4.2,3691,1,7,4,30,0,0,16146,16141,17165,11413,7212,4332,12068,-73.17,17,72408,33308,868896,166540,63.6,1,Extended Credit Terms,1448,63551,4285.9,0.7,2.47,🟡 At Risk,Tier 3 – Monitor
FF-1260,Neon Nights Bar VII,5-Star Hotel,Hyderabad,Multi-Cuisine,Riya Sharma,299,4.2,33660,10,5,6,28,1,1,18745,19312,18373,15186,12314,9346,15546,-50.14,42,93276,42907,1119312,1029768,36.4,0,Extended Credit Terms,1866,224901,11946.2,0.7,8.75,🟢 Healthy,Tier 2 – Engage
FF-1261,The Garden Table VII,Catering Service,Delhi,Multi-Cuisine,Priya Nair,31,3.4,65141,21,6,3,25,1,3,22290,21406,19770,18383,17322,16021,19198,-28.12,36,115188,52986,1382256,1271664,9.1,0,No Intervention Needed,0,0,0.0,0.0,0.0,🟢 Healthy,Tier 3 – Monitor
FF-1262,Harbour View VII,Premium Café,Delhi,Multi-Cuisine,Neha Joshi,293,4.5,50223,5,1,4,17,1,3,23952,23215,24558,20834,17770,14504,20805,-39.44,27,124830,57422,1497960,918752,0.0,0,No Intervention Needed,0,0,0.0,0.0,0.0,🟢 Healthy,Tier 3 – Monitor
FF-1263,Crimson Fork VII,Bar & Lounge,Delhi,Indian,Vikram Singh,290,3.9,4131,2,6,7,31,0,2,6726,6848,6932,6539,6792,6271,6684,-6.76,58,40104,18448,481248,36896,63.6,1,Extended Credit Terms,802,14079,1653.4,0.7,0.55,🟡 At Risk,Tier 3 – Monitor
FF-1264,Olive & Oak VII,Fine Dining Restaurant,Mumbai,Indian,Priya Nair,227,5.0,6672,22,4,0,21,1,3,9012,9585,10184,9741,8849,8994,9394,-0.2,46,56364,25927,676368,440759,18.2,0,No Intervention Needed,0,0,0.0,0.0,0.0,🟢 Healthy,Tier 3 – Monitor
FF-1265,The Rooftop Sip VII,4-Star Hotel,Bangalore,Italian,Arjun Mehta,46,4.7,42580,2,3,0,37,1,2,7412,7779,7899,4923,3113,1897,5503,-74.4,120,33018,15188,396216,30376,63.6,1,Extended Credit Terms,660,11591,1653.7,0.7,0.45,🟡 At Risk,Tier 3 – Monitor
FF-1266,Downtown Diner VII,4-Star Hotel,Mumbai,Pan-Asian,Neha Joshi,91,4.1,20781,10,3,6,16,0,2,18527,18773,19704,19343,20057,18898,19217,2.0,25,115302,53039,1383624,1272936,27.3,0,No Intervention Needed,0,0,0.0,0.0,0.0,🟢 Healthy,Tier 3 – Monitor
FF-1267,Bombay Blend VII,4-Star Hotel,Bangalore,Italian,Neha Joshi,79,3.4,29171,34,6,3,22,1,1,14855,15402,15228,14070,13951,13402,14484,-9.78,73,86904,39976,1042848,959424,27.3,0,No Intervention Needed,0,0,0.0,0.0,0.0,🟢 Healthy,Tier 3 – Monitor
FF-1268,The Mango Tree VII,Bar & Lounge,Pune,Mediterranean,Priya Nair,164,4.7,51931,16,2,2,23,0,1,17030,16661,17327,17390,17076,17377,17143,2.04,27,102858,47315,1234296,567780,9.1,0,No Intervention Needed,0,0,0.0,0.0,0.0,🟢 Healthy,Tier 3 – Monitor
FF-1269,Latitude 28 VII,Premium Café,Mumbai,Continental,Priya Nair,112,4.6,29102,22,5,4,7,0,0,13741,14050,14978,9006,5487,3259,10086,-76.28,2,60516,27837,726192,668088,45.5,0,Dedicated Account Manager,8000,182388,2179.6,0.85,8.62,🟡 At Risk,Tier 2 – Engage
FF-1270,The Ice House VII,Fine Dining Restaurant,Bangalore,Multi-Cuisine,Vikram Singh,27,3.5,51899,12,7,1,40,1,1,7961,7917,8008,6063,4615,3601,6360,-54.76,87,38160,17554,457920,421296,45.5,0,Extended Credit Terms,763,115013,14954.2,0.7,4.48,🟡 At Risk,Tier 3 – Monitor
FF-1271,Pearl & Petal VII,Fine Dining Restaurant,Hyderabad,Pan-Asian,Riya Sharma,98,3.7,23972,24,5,3,5,0,1,7419,7050,6689,5872,5431,4791,6208,-35.42,74,37248,17134,446976,411216,36.4,0,Premium Flavour Trial,500,89809,17826.1,0.65,3.24,🟢 Healthy,Tier 3 – Monitor
FF-1272,Mosaic Café VII,Fine Dining Restaurant,Mumbai,Continental,Priya Nair,46,4.6,49730,10,5,1,4,1,2,8777,9060,8724,7115,5600,4323,7266,-50.74,42,43596,20054,523152,381026,0.0,0,No Intervention Needed,0,0,0.0,0.0,0.0,🟢 Healthy,Tier 3 – Monitor
FF-1273,The Black Label VII,Cloud Kitchen,Ranchi,Pan-Asian,Priya Nair,193,3.5,74116,35,4,3,43,1,1,6395,6452,6140,6207,6065,5412,6111,-15.37,52,36666,16866,439992,354186,45.5,0,Extended Credit Terms,733,96692,13073.4,0.7,3.76,🟡 At Risk,Tier 3 – Monitor
FF-1274,Sundowner Bar VII,Bar & Lounge,Pune,Fusion,Arjun Mehta,69,4.9,7599,32,5,2,28,0,2,8206,8020,7695,7287,6333,5864,7234,-28.54,25,43404,19966,520848,399320,27.3,0,No Intervention Needed,0,0,0.0,0.0,0.0,🟢 Healthy,Tier 3 – Monitor
FF-1275,Spice Symphony VII,Bar & Lounge,Chennai,Fusion,Neha Joshi,218,4.0,25931,7,3,2,27,1,2,15593,16619,16104,14869,13417,11927,14754,-23.51,54,88524,40721,1062288,977304,36.4,0,Extended Credit Terms,1770,213443,11952.2,0.7,8.3,🟢 Healthy,Tier 2 – Engage
FF-1276,Casa Milano VII,Fine Dining Restaurant,Delhi,Japanese,Riya Sharma,200,3.4,56992,21,4,6,10,0,1,14916,13772,13893,13643,14250,13729,14033,-7.96,67,84198,38731,1010376,116193,54.5,1,Dedicated Account Manager,8000,37995,374.9,0.85,1.8,🟡 At Risk,Tier 3 – Monitor
FF-1277,The Lemon Tree VII,5-Star Hotel,Chennai,Fusion,Arjun Mehta,43,4.7,48184,20,1,6,0,0,0,16144,15668,15888,13782,12523,11701,14284,-27.52,6,85704,39424,1028448,551936,36.4,0,Dedicated Account Manager,8000,120542,1406.6,0.85,5.7,🟢 Healthy,Tier 2 – Engage
FF-1278,Bourbon Street VII,4-Star Hotel,Bangalore,Italian,Vikram Singh,65,3.9,30611,26,5,2,42,0,0,15817,14695,14522,9029,5812,3436,10551,-78.27,120,63306,29121,759672,87363,81.8,1,Extended Credit Terms,1266,42877,3284.2,0.7,1.67,🔴 Critical,Tier 3 – Monitor
FF-1279,Café Nuvola VII,Fine Dining Restaurant,Mumbai,Fusion,Vikram Singh,34,4.1,64436,4,5,5,18,0,3,19227,20046,20416,19640,17910,17871,19185,-7.05,70,115110,52951,1381320,1217873,45.5,0,Dedicated Account Manager,8000,332479,4055.5,0.85,15.71,🟡 At Risk,Tier 1 – Urgent
FF-1280,The Blue Petal Café VIII,Cloud Kitchen,Bangalore,Indian,Priya Nair,172,3.4,23114,22,1,2,8,0,3,16711,17251,16096,14582,14617,12925,15363,-22.65,53,92178,42402,1106136,890442,36.4,0,Dedicated Account Manager,8000,194472,2330.6,0.85,9.19,🟢 Healthy,Tier 2 – Engage
FF-1281,Skyline Bar VIII,Bar & Lounge,Chennai,Multi-Cuisine,Priya Nair,241,3.2,42491,15,5,0,26,1,1,5381,5235,4889,4601,4784,4775,4944,-11.26,66,29664,13645,355968,327480,45.5,0,Extended Credit Terms,593,89402,14951.0,0.7,3.48,🟡 At Risk,Tier 3 – Monitor
FF-1282,Monarch Grand Hotel VIII,Bar & Lounge,Bangalore,Italian,Vikram Singh,225,4.3,70976,21,1,0,33,1,0,17782,18281,17321,18071,17824,16833,17685,-5.34,58,106110,48811,1273320,1171464,45.5,0,Extended Credit Terms,2122,319809,14964.1,0.7,12.44,🟡 At Risk,Tier 1 – Urgent
FF-1283,Spice Route VIII,Premium Café,Mumbai,Continental,Priya Nair,292,4.1,61420,15,4,5,43,0,2,9329,9173,9199,6236,3724,2203,6644,-76.38,120,39864,18337,478368,91685,90.9,1,Extended Credit Terms,797,50004,6166.3,0.7,1.95,🔴 Critical,Tier 3 – Monitor
FF-1284,The Artisan Brew VIII,5-Star Hotel,Ranchi,Japanese,Riya Sharma,255,4.3,64030,22,3,7,3,1,3,10271,10692,10202,9234,8660,7393,9408,-28.02,87,56448,25966,677376,623184,36.4,0,Dedicated Account Manager,8000,136103,1601.1,0.85,6.43,🟢 Healthy,Tier 2 – Engage
FF-1285,Fusion 9 VIII,Premium Café,Mumbai,Japanese,Priya Nair,247,4.6,36724,28,1,4,35,1,2,4923,4886,4716,4061,3915,3769,4378,-23.44,2,26268,12083,315216,181245,18.2,0,No Intervention Needed,0,0,0.0,0.0,0.0,🟢 Healthy,Tier 3 – Monitor
FF-1286,Cloud Nine Lounge VIII,Bar & Lounge,Delhi,Japanese,Neha Joshi,28,4.4,8288,14,2,7,17,1,3,19888,19608,19295,14307,10998,7832,15321,-60.62,76,91926,42286,1103112,761148,36.4,0,Dedicated Account Manager,8000,166234,1977.7,0.85,7.85,🟢 Healthy,Tier 2 – Engage
FF-1287,The Grand Palate VIII,Bar & Lounge,Delhi,Continental,Priya Nair,185,3.5,28582,27,1,1,14,1,1,9674,10346,10862,10414,10746,9756,10299,0.85,22,61794,28425,741528,682200,9.1,0,No Intervention Needed,0,0,0.0,0.0,0.0,🟢 Healthy,Tier 3 – Monitor
FF-1288,Saffron Kitchen VIII,Premium Café,Delhi,Continental,Arjun Mehta,233,3.8,77316,28,5,7,12,0,0,12885,12371,11408,11294,10700,9440,11349,-26.73,37,68094,31323,817128,751752,36.4,0,Dedicated Account Manager,8000,164182,1952.0,0.85,7.76,🟢 Healthy,Tier 2 – Engage
FF-1289,Urban Brew Co. VIII,5-Star Hotel,Delhi,Continental,Riya Sharma,136,4.8,84088,26,7,3,18,0,3,6100,5729,5865,5402,5590,5404,5681,-11.41,20,34086,15680,409032,282240,9.1,0,No Intervention Needed,0,0,0.0,0.0,0.0,🟢 Healthy,Tier 3 – Monitor
FF-1290,The Cellar Bar VIII,Premium Café,Delhi,Continental,Arjun Mehta,91,4.6,17031,2,7,7,5,1,0,14361,14555,14948,14406,13597,12352,14036,-13.99,24,84216,38739,1010592,929736,27.3,0,No Intervention Needed,0,0,0.0,0.0,0.0,🟢 Healthy,Tier 3 – Monitor
FF-1291,Pearl Continental VIII,Premium Café,Ranchi,Japanese,Arjun Mehta,83,4.2,45357,25,4,3,11,1,2,6205,6670,6988,3201,1471,660,4199,-89.35,120,25194,11589,302328,220191,45.5,0,Premium Flavour Trial,500,60112,11898.6,0.65,2.17,🟡 At Risk,Tier 3 – Monitor
FF-1292,Breezy Bites VIII,Fine Dining Restaurant,Delhi,Japanese,Neha Joshi,224,3.7,10642,3,6,5,36,0,1,14147,13870,14830,12423,9406,6927,11933,-51.03,65,71598,32935,859176,65870,72.7,1,Extended Credit Terms,1432,28732,1905.1,0.7,1.12,🔴 Critical,Tier 3 – Monitor
FF-1293,Metro Mixology VIII,Bar & Lounge,Mumbai,Pan-Asian,Riya Sharma,228,3.7,48855,8,4,0,16,1,0,12812,11914,10999,10528,9793,8945,10831,-30.18,65,64986,29894,779832,717456,36.4,0,Dedicated Account Manager,8000,156692,1858.4,0.85,7.4,🟢 Healthy,Tier 2 – Engage
FF-1294,The Social Hub VIII,Premium Café,Pune,Italian,Riya Sharma,91,4.5,10366,33,6,6,22,1,1,15417,15020,14187,11534,9562,6960,12113,-54.85,81,72678,33432,872136,802368,36.4,0,Dedicated Account Manager,8000,175237,2090.2,0.85,8.28,🟢 Healthy,Tier 2 – Engage
FF-1295,Terrace & Toast VIII,Bar & Lounge,Bangalore,Multi-Cuisine,Riya Sharma,296,4.7,70567,35,7,3,25,1,0,14179,14192,15068,14335,14536,13628,14323,-3.89,1,85938,39531,1031256,592965,9.1,0,No Intervention Needed,0,0,0.0,0.0,0.0,🟢 Healthy,Tier 3 – Monitor
FF-1296,Altitude Lounge VIII,4-Star Hotel,Ranchi,Fusion,Riya Sharma,293,4.4,64527,6,7,0,28,1,2,16542,15647,15543,15452,15474,15142,15633,-8.46,3,93798,43147,1125576,992381,18.2,0,No Intervention Needed,0,0,0.0,0.0,0.0,🟢 Healthy,Tier 3 – Monitor
FF-1297,The Copper Pot VIII,Premium Café,Delhi,Fusion,Riya Sharma,114,4.7,58406,23,1,4,32,1,2,9009,9236,9331,8666,8190,7456,8648,-17.24,46,51888,23868,622656,572832,36.4,0,Extended Credit Terms,1038,125106,11941.1,0.7,4.87,🟢 Healthy,Tier 3 – Monitor
FF-1298,Velvet Room VIII,5-Star Hotel,Delhi,Indian,Neha Joshi,185,4.6,28638,25,3,1,26,1,1,12720,13733,14091,12990,12049,11221,12800,-11.78,55,76800,35328,921600,494592,36.4,0,Extended Credit Terms,1536,108018,6927.9,0.7,4.2,🟢 Healthy,Tier 3 – Monitor
FF-1299,Zest & Zeal VIII,Premium Café,Delhi,Japanese,Priya Nair,51,3.5,30456,19,2,4,24,1,2,21334,21169,21775,21528,20727,18405,20823,-13.73,75,124938,57471,1499256,1379304,27.3,0,No Intervention Needed,0,0,0.0,0.0,0.0,🟢 Healthy,Tier 3 – Monitor
